food_name,calories,protein,carbohydrates,fat,fiber,sugar,sodium,calcium,iron,potassium,nutrition_density,meal_type,food_preference,cuisine,allergens,serving_size
Abalone,89,14.5,5.1,0.6,0.0,0.0,0.3,26.4,2.7,212.5,51.092,Lunch,Vegetarian,International,None,100 g
Abiyuch,157,3.4,40.1,0.2,12.1,19.5,0.093,18.2,3.7,693.1,201.0,Lunch,Vegetarian,International,None,100 g
Acerola Cherry,2,0.079,0.4,0.052,0.077,0.0,0.088,0.0,0.007,0.5,0.707,Lunch,Vegetarian,International,None,100 g
Acerola Cherry Juice,56,1.0,11.6,0.7,0.7,10.9,0.082,24.2,1.2,234.7,3911.4,Lunch,Vegetarian,International,None,100 g
Acorn Dried,144,2.3,15.2,8.9,0.0,0.0,0.0,15.3,0.3,200.6,42.0,Lunch,Vegetarian,International,None,100 g
Acorn Flour,626,9.4,68.3,37.7,0.0,0.0,0.0,53.8,1.5,890.0,170.7,Lunch,Vegetarian,International,None,100 g
Acorn Raw,110,1.7,11.5,6.8,0.0,0.0,0.0,11.6,0.2,152.5,31.8,Lunch,Vegetarian,International,None,100 g
Acorn Squash Cooked,115,2.3,29.9,0.3,9.0,0.0,0.5,90.2,1.9,895.9,155.7,Lunch,Vegetarian,International,None,100 g
Acorn Squash Raw,172,3.4,44.9,0.4,6.5,0.0,0.017,142.2,3.0,1495.6,247.8,Lunch,Vegetarian,International,None,100 g
Adobo Fresco,780,5.8,53.6,60.2,3.7,5.8,49.4,354.2,9.2,538.6,503.4,Lunch,Vegetarian,International,None,100 g
Adzuki Beans Cooked,294,17.3,57.0,0.2,16.8,0.0,0.079,0.0,0.7,386.4,92.2,Lunch,Vegetarian,International,None,100 g
Adzuki Beans Raw,648,39.1,123.9,1.0,25.0,0.0,0.06,130.0,9.8,2470.4,328.8,Lunch,Vegetarian,International,None,100 g
After Eight Mints Nestle,36,0.1,6.7,1.0,0.2,5.6,0.025,1.1,0.062,0.0,9.163,Lunch,Vegetarian,International,None,100 g
Agar,1,0.053,0.3,0.058,0.027,0.005,0.049,0.075,0.002,0.3,0.587,Lunch,Vegetarian,International,None,100 g
Agave Syrup,21,0.025,5.3,0.081,0.01,4.7,0.09,0.088,0.042,0.3,5.456,Lunch,Vegetarian,International,None,100 g
Alaska King Crab Cooked,130,25.9,0.0,2.1,0.0,0.0,1.4,79.1,1.0,351.1,118.35,Lunch,Non-Vegetarian,International,None,100 g
Alaska King Crab Raw,144,31.5,0.0,1.0,0.0,0.0,1.4,79.1,1.0,350.9,124.608,Lunch,Non-Vegetarian,International,None,100 g
Alfalfa Seeds,1,0.1,0.002,0.075,0.015,0.058,0.048,1.0,0.034,2.4,1.435,Lunch,Vegetarian,International,None,100 g
Allspice Ground,5,0.1,1.4,0.2,0.4,0.0,0.001,12.6,0.1,19.8,15.5,Lunch,Vegetarian,International,None,100 g
Almond Butter,98,3.4,3.0,8.9,1.6,0.7,0.037,55.5,0.6,119.7,73.0,Breakfast,Vegetarian,International,"Milk, Tree Nuts",100 g
Almond Granola Bar,119,1.8,14.9,6.1,1.2,0.0,0.067,7.7,0.6,65.5,32.3,Snack,Vegetarian,International,Tree Nuts,100 g
Almond Oil,120,0.0,0.0,13.6,0.0,0.0,0.0,0.0,0.0,0.0,13.6,Snack,Vegetarian,International,Tree Nuts,100 g
Almond Paste,1040,20.4,108.5,63.0,10.9,82.3,0.051,390.4,3.6,712.8,597.0,Snack,Vegetarian,International,Tree Nuts,100 g
Almond Rice Bar,128,2.0,18.1,5.7,1.0,0.0,0.0,20.7,1.8,64.1,52.5,Snack,Vegetarian,International,Tree Nuts,100 g
Almonds Raw,9,0.3,0.3,0.7,0.2,0.026,0.043,4.0,0.082,10.6,5.554,Snack,Vegetarian,International,Tree Nuts,100 g
Almonds Roasted,182,6.4,5.3,16.6,3.2,1.4,0.029,87.3,1.1,209.7,119.9,Snack,Vegetarian,International,Tree Nuts,100 g
Amaranth Cooked,251,9.3,46.0,3.9,5.2,0.0,0.095,115.6,5.2,332.1,185.2,Lunch,Vegetarian,International,None,100 g
Amaranth Flakes,134,5.9,27.0,2.7,3.6,0.2,0.067,6.5,0.7,134.1,47.4,Lunch,Vegetarian,International,None,100 g
Amaranth Leaves,6,0.7,1.1,0.075,0.0,0.0,0.071,60.2,0.6,171.1,74.73,Lunch,Vegetarian,International,None,100 g
Amaranth Raw,37,1.4,6.5,0.7,0.7,0.2,0.077,15.9,0.8,50.8,26.4,Lunch,Vegetarian,International,None,100 g
American Cheese,93,4.5,0.9,7.9,0.0,0.6,0.4,261.3,0.2,33.0,274.886,Breakfast,Vegetarian,International,Milk,100 g
American Cheese Spread,46,2.6,1.4,3.4,0.0,1.2,0.3,89.9,0.079,38.7,97.357,Breakfast,Vegetarian,International,Milk,100 g
American Grapes,2,0.035,0.4,0.087,0.09,0.4,0.056,0.3,0.099,4.6,0.93,Snack,Vegetarian,International,None,100 g
American Shad Cooked,363,31.3,0.0,25.4,0.0,0.0,0.043,86.4,1.8,708.5,144.967,Lunch,Vegetarian,International,None,100 g
American Shad Raw,362,31.2,0.0,25.3,0.0,0.0,0.001,86.5,1.8,706.6,144.868,Lunch,Vegetarian,International,None,100 g
Amp Energy Pepsi,110,0.6,29.0,0.2,0.0,29.0,0.093,31.2,0.053,7.2,61.067,Lunch,Vegetarian,International,None,100 g
Amp Energy Sugar Free Pepsi,5,0.0,2.5,0.0,0.0,0.0,0.093,0.0,0.0,4.8,2.5,Lunch,Vegetarian,International,None,100 g
Ancho Pepper Dried,48,2.0,8.7,1.4,3.7,0.0,0.068,10.4,1.9,409.9,28.4,Lunch,Vegetarian,International,None,100 g
Anchovy Canned In Oil,8,1.2,0.0,0.4,0.0,0.0,0.1,9.3,0.2,21.8,11.106,Lunch,Vegetarian,International,None,100 g
Anchovy Raw,37,5.8,0.0,1.4,0.0,0.0,0.012,41.6,0.9,108.4,49.714,Lunch,Vegetarian,International,None,100 g
Anejo Cheese,492,28.3,6.1,39.6,0.0,6.1,1.5,897.6,0.6,114.8,972.205,Breakfast,Vegetarian,International,Milk,100 g
Angel Food Cake,72,1.7,16.2,0.2,0.4,0.0,0.2,39.2,0.1,26.0,57.8,Lunch,Vegetarian,International,None,100 g
Anise Seeds,7,0.4,1.1,0.3,0.3,0.0,0.1,13.6,0.8,30.3,16.9,Lunch,Vegetarian,International,None,100 g
Apple,95,0.5,25.1,0.3,4.4,18.9,0.062,0.044,0.086,20.0,30.438,Snack,Vegetarian,International,None,100 g
Apple Butter,35,0.045,8.5,0.063,0.3,7.1,0.003,2.8,0.025,18.2,11.836,Breakfast,Vegetarian,International,Milk,100 g
Apple Crisp,454,4.9,87.0,9.7,3.9,55.5,1.0,98.7,2.3,220.0,212.724,Snack,Vegetarian,International,None,100 g
Apple Croissant,145,4.2,21.1,5.0,1.4,0.0,0.2,17.1,0.6,51.3,49.733,Snack,Vegetarian,International,None,100 g
Apple Dippers Mcdonalds,33,0.0,8.2,0.0,0.0,6.3,0.0,42.2,0.021,0.0,238.864,Snack,Vegetarian,International,None,100 g
Apple Dried,145,0.6,39.1,0.2,5.1,34.0,0.024,7.7,0.8,267.8,56.1,Snack,Vegetarian,International,None,100 g
Apple Juice,114,0.2,28.0,0.3,0.5,23.9,0.038,0.0,0.065,17.4,29.087,Snack,Vegetarian,International,None,100 g
Apple Juice Concentrate,350,1.1,86.5,0.8,0.8,81.9,0.049,42.2,1.9,945.3,137.7,Snack,Vegetarian,International,None,100 g
Apple Juice Martinellis,122,0.0,0.0,0.0,0.0,0.0,0.0,0.0,0.0,0.0,0.0,Snack,Vegetarian,International,None,100 g
Apple Pie,331,3.0,46.4,15.6,0.0,0.0,0.3,8.8,1.4,98.8,77.358,Snack,Vegetarian,International,None,100 g
Apple Strudel,195,2.3,29.2,8.0,1.6,18.3,0.02,10.7,0.3,105.8,53.359,Snack,Vegetarian,International,None,100 g
Applesauce,102,0.4,27.5,0.2,2.7,22.9,0.031,0.043,0.014,12.2,30.923,Snack,Vegetarian,International,None,100 g
Apricot,17,0.5,3.9,0.1,0.7,3.2,0.02,0.039,0.012,8.1,5.334,Lunch,Vegetarian,International,None,100 g
Apricot Dried,17,0.2,4.4,0.015,0.5,3.7,0.066,3.9,0.2,81.3,9.329,Lunch,Vegetarian,International,None,100 g
Apricot Jam,48,0.1,12.9,0.01,0.044,8.7,0.004,4.0,0.066,15.4,18.91,Lunch,Vegetarian,International,None,100 g
Apricot Juice,117,1.5,30.1,0.07,3.9,26.2,0.024,0.053,0.1,48.8,35.804,Lunch,Vegetarian,International,None,100 g
Apricot Kernel Oil,40,0.0,0.0,4.5,0.0,0.0,0.0,0.0,0.0,0.0,4.5,Lunch,Vegetarian,International,None,100 g
Apricot Nectar,139,0.9,35.7,0.2,1.5,34.2,0.025,17.4,0.9,282.7,58.1,Lunch,Vegetarian,International,None,100 g
Arepa,215,5.4,36.4,5.3,2.5,0.9,0.3,87.2,1.0,86.2,137.897,Lunch,Vegetarian,International,None,100 g
Arrowhead,12,0.6,2.4,0.084,0.0,0.0,0.082,1.2,0.3,110.6,4.68,Lunch,Vegetarian,International,None,100 g
Arrowroot,78,5.1,16.1,0.2,1.6,0.0,0.052,7.2,2.7,544.8,35.2,Lunch,Vegetarian,International,None,100 g
Arrowroot Flour,457,0.4,112.8,0.1,4.4,0.0,0.002,51.2,0.4,14.1,169.3,Lunch,Vegetarian,International,None,100 g
Arroz Con Abichuelas,223,6.2,37.3,5.4,4.1,0.2,0.6,23.6,1.9,304.6,78.5,Lunch,Vegetarian,International,None,100 g
Arroz Con Frijoles,220,6.8,35.6,5.6,5.0,1.3,0.6,54.0,2.3,327.0,109.3,Lunch,Vegetarian,International,None,100 g
Arroz Con Grandules,209,4.0,35.4,5.7,1.6,0.0,0.7,9.2,0.3,96.6,56.2,Lunch,Vegetarian,International,None,100 g
Arroz Con Leche,369,8.1,63.0,9.3,1.3,38.6,0.3,227.7,0.6,359.3,310.0,Lunch,Vegetarian,International,None,100 g
Artichoke Cooked,64,3.5,14.3,0.4,10.3,1.2,0.087,0.035,0.2,87.6,28.845,Lunch,Vegetarian,International,None,100 g
Artichoke Raw,60,4.2,13.5,0.2,6.9,1.3,0.1,0.045,0.3,115.2,25.274,Lunch,Vegetarian,International,None,100 g
Arugula,5,0.5,0.7,0.1,0.3,0.4,0.018,32.0,0.3,73.8,36.9,Lunch,Vegetarian,International,None,100 g
Asadero Cheese,402,25.5,3.2,31.9,0.0,3.2,0.7,746.9,0.6,97.2,808.175,Breakfast,Vegetarian,International,Milk,100 g
Asian Pear,51,0.6,13.0,0.3,4.4,8.6,0.0,4.9,0.0,147.6,27.8,Lunch,Vegetarian,International,None,100 g
Asparagus Canned,62,7.4,10.2,0.7,4.1,4.1,0.1,61.7,2.5,706.9,154.4,Lunch,Vegetarian,International,None,100 g
Asparagus Cooked,3,0.4,0.6,0.074,0.3,0.2,0.0,0.099,0.031,8.1,1.458,Lunch,Vegetarian,International,None,100 g
Asparagus Raw,2,0.3,0.5,0.037,0.3,0.2,0.047,0.088,0.039,6.2,1.326,Lunch,Vegetarian,International,None,100 g
Aspartame Sweetener,365,2.2,89.1,0.0,0.0,80.7,0.0,0.0,0.022,4.0,91.381,Lunch,Vegetarian,International,None,100 g
Atlantic Croaker Fried,192,15.8,6.6,11.0,0.3,0.0,0.3,27.8,0.7,295.8,62.209,Lunch,Vegetarian,International,None,100 g
Atlantic Croaker Raw,82,14.0,0.0,2.5,0.0,0.0,0.014,11.9,0.3,272.6,28.709,Lunch,Vegetarian,International,None,100 g
Au Jus,38,2.8,5.9,0.5,0.0,0.0,1.1,9.4,1.4,191.2,22.4,Lunch,Vegetarian,International,None,100 g
Avocado,432,5.4,23.0,39.6,18.1,1.8,0.045,0.078,0.5,140.4,87.302,Lunch,Vegetarian,International,None,100 g
Avocado Oil,124,0.0,0.0,14.0,0.0,0.0,0.0,0.0,0.0,0.0,14.0,Lunch,Vegetarian,International,None,100 g
Azumaya Tofu Vitasoy,316,32.8,9.1,16.6,2.4,1.6,0.03,711.0,5.1,0.0,777.0,Lunch,Vegetarian,International,None,100 g
Babassu Oil,1927,0.0,0.0,218.0,0.0,0.0,0.0,0.0,0.0,0.0,218.0,Lunch,Vegetarian,International,None,100 g
Baby Carrots,5,0.031,1.2,0.053,0.4,0.7,0.097,4.8,0.1,35.6,6.999,Lunch,Vegetarian,International,None,100 g
Baby Lima Beans Cooked,189,12.0,35.0,0.5,10.8,2.5,0.064,0.06,0.4,201.6,58.952,Lunch,Vegetarian,International,None,100 g
Baby Zucchini,2,0.3,0.3,0.089,0.1,0.0,0.041,2.3,0.098,50.5,6.89,Lunch,Vegetarian,International,None,100 g
Bacon,106,3.3,0.2,10.2,0.0,0.2,0.1,1.0,0.1,131.6,14.8,Lunch,Vegetarian,International,None,100 g
Bacon Baked,44,2.9,0.1,3.5,0.0,0.0,0.2,0.047,0.054,41.0,6.673,Lunch,Vegetarian,International,None,100 g
Bacon Beef Steak,146,8.2,0.2,12.5,0.0,0.2,0.4,4.0,0.5,109.0,25.4,Lunch,Non-Vegetarian,International,None,100 g
Bacon Cooked,43,3.5,0.068,3.1,0.0,0.0,0.2,0.0,0.047,35.4,6.747,Lunch,Vegetarian,International,None,100 g
Bacon Grease,39,0.0,0.0,4.3,0.0,0.0,0.009,0.0,0.0,0.0,4.3,Lunch,Vegetarian,International,None,100 g
Bacon Meatless,446,15.4,9.1,42.5,3.7,0.0,2.1,33.1,3.5,244.8,107.3,Lunch,Vegetarian,International,None,100 g
Bacon Ranch Salad Mcdonalds,389,28.1,19.4,20.1,3.2,4.9,0.9,146.7,1.9,0.0,250.3,Lunch,Vegetarian,International,None,100 g
Bacon Roasted,43,3.0,0.1,3.3,0.0,0.0,0.034,0.097,0.096,42.6,6.516,Lunch,Vegetarian,International,None,100 g
Bacon Tomato Dressing,49,0.3,0.3,5.3,0.04,0.3,0.1,0.6,0.057,16.2,7.942,Lunch,Vegetarian,International,None,100 g
Bagel,245,10.0,47.9,1.5,4.0,6.0,0.4,0.019,0.2,139.2,63.783,Lunch,Vegetarian,International,None,100 g
Bagel Chips,789,21.6,116.1,26.5,7.2,10.5,0.4,42.0,8.8,245.0,222.2,Lunch,Vegetarian,International,None,100 g
Bagel With Ham Egg Cheese,483,26.7,52.4,18.5,0.4,7.0,1.3,185.3,4.1,261.7,287.6,Breakfast,Non-Vegetarian,International,"Egg, Milk",100 g
Baked Apple Pie Mcdonalds,91,0.9,12.3,4.4,0.6,4.9,0.076,5.4,0.6,17.8,33.3,Snack,Vegetarian,International,None,100 g
Baked Beans,310,11.1,43.3,10.3,11.0,0.0,0.8,0.0,0.3,218.0,76.2,Lunch,Vegetarian,International,None,100 g
Baked Beans Canned,239,12.1,53.7,0.9,10.4,20.2,0.9,86.4,3.0,569.0,166.5,Lunch,Vegetarian,International,None,100 g
Baked Chips Lays,130,0.0,0.0,2.0,0.0,0.0,0.0,0.0,0.0,0.0,2.0,Lunch,Vegetarian,International,None,100 g
Baked Potato,161,4.3,36.6,0.2,3.8,2.0,0.097,0.057,0.2,121.1,45.667,Lunch,Vegetarian,International,None,100 g
Baked Potato With Cheese Sauce,474,14.6,46.5,28.7,0.0,0.0,0.4,310.8,3.0,1166.2,429.9,Breakfast,Vegetarian,International,Milk,100 g
Baked Potato With Cheese Sauce Bacon,451,18.4,44.4,25.9,0.0,0.0,1.0,308.0,3.1,1178.1,428.7,Breakfast,Vegetarian,International,Milk,100 g
Baked Potato With Sour Cream,393,6.7,50.0,22.3,0.0,0.0,0.2,105.7,3.1,1383.2,221.8,Lunch,Vegetarian,International,None,100 g
Baked Taco Shell,61,0.8,8.3,2.7,0.9,0.2,0.004,12.5,0.2,30.1,25.4,Lunch,Vegetarian,International,None,100 g
Bakers Yeast,18,1.4,3.1,0.3,1.4,0.0,0.066,3.2,0.6,102.2,10.078,Lunch,Vegetarian,International,None,100 g
Bakers Yeast Dry,13,1.6,1.6,0.3,1.1,0.0,0.081,1.2,0.051,38.2,5.927,Lunch,Vegetarian,International,None,100 g
Baking Chocolate,145,3.7,8.7,15.2,4.8,0.3,0.049,29.3,5.0,240.7,66.7,Lunch,Vegetarian,International,None,100 g
Baking Powder,2,0.0,1.3,0.0,0.03,0.0,0.5,270.3,0.5,0.9,272.196,Lunch,Vegetarian,International,None,100 g
Baking Soda,0,0.0,0.0,0.0,0.0,0.0,1.3,0.0,0.0,0.0,0.0,Lunch,Vegetarian,International,None,100 g
Balsamic Vinegar,14,0.041,2.7,0.0,0.0,2.4,0.071,4.3,0.1,17.9,7.129,Lunch,Vegetarian,International,None,100 g
Bamboo Shoots Cooked,14,1.8,2.3,0.3,1.2,0.0,0.04,0.0,0.083,24.0,5.76,Lunch,Vegetarian,International,None,100 g
Bamboo Shoots Raw,49,4.7,9.4,0.5,4.0,5.4,0.067,0.0,0.3,106.2,19.3,Lunch,Vegetarian,International,None,100 g
Banana,134,1.6,34.3,0.5,3.9,18.3,0.055,0.035,0.1,33.0,41.084,Snack,Vegetarian,International,None,100 g
Banana Bread,186,2.5,31.1,6.0,0.6,0.0,0.2,12.0,0.8,76.4,54.061,Breakfast,Vegetarian,International,Gluten,100 g
Banana Chips,147,0.7,16.5,9.5,2.2,10.0,0.099,5.1,0.4,151.7,36.2,Snack,Vegetarian,International,None,100 g
Banana Cream Pie,3190,52.2,390.2,161.3,8.3,143.0,2.8,889.5,12.3,1956.9,1533.5,Snack,Vegetarian,International,None,100 g
Banana Pepper,9,0.5,1.8,0.1,1.1,0.6,0.039,4.6,0.2,84.5,35.6,Snack,Vegetarian,International,None,100 g
Barbecue Loaf,40,3.6,1.5,2.0,0.0,0.0,0.3,12.7,0.3,75.7,20.1,Lunch,Vegetarian,International,None,100 g
Barbecue Sauce,29,0.1,6.9,0.1,0.2,5.7,0.2,5.6,0.1,39.4,13.1,Lunch,Vegetarian,International,None,100 g
Barbecue Sauce Bulls Eye,27,0.1,6.4,0.1,0.2,5.6,0.2,6.9,0.1,42.1,13.891,Lunch,Vegetarian,International,None,100 g
Barbecue Sauce Kraft,28,0.1,6.5,0.053,0.032,5.2,0.2,7.5,0.1,39.5,14.388,Lunch,Vegetarian,International,None,100 g
Barbecue Sauce Mcdonalds,46,0.4,10.3,0.3,0.4,9.6,0.3,3.1,0.1,55.2,14.6,Lunch,Vegetarian,International,None,100 g
Barbera Red Wine,170,0.1,5.6,0.0,0.0,0.0,0.0,0.0,0.0,0.0,5.7,Lunch,Vegetarian,International,None,100 g
Barley Cooked,193,3.5,44.3,0.7,6.0,0.4,0.064,17.3,2.1,146.0,73.9,Lunch,Vegetarian,International,None,100 g
Barley Flour,511,15.5,110.3,2.4,14.9,1.2,0.062,47.4,4.0,457.3,194.5,Lunch,Vegetarian,International,None,100 g
Barley Raw,42,1.2,9.3,0.1,1.9,0.094,0.016,3.5,0.3,33.6,16.3,Lunch,Vegetarian,International,None,100 g
Bartlett Pear,112,0.7,26.6,0.3,5.5,17.2,0.047,15.9,0.3,178.8,57.1,Lunch,Vegetarian,International,None,100 g
Basil Dried,2,0.2,0.3,0.027,0.3,0.054,0.089,0.078,0.082,1.9,1.0,Lunch,Vegetarian,International,None,100 g
Basil Fresh,2,0.2,0.2,0.089,0.1,0.064,0.058,0.047,0.075,3.9,0.752,Lunch,Vegetarian,International,None,100 g
Bass Cooked,91,15.0,0.0,2.9,0.0,0.0,0.078,63.9,1.2,282.7,84.379,Lunch,Vegetarian,International,None,100 g
Bass Raw,90,14.9,0.0,2.9,0.0,0.0,0.055,63.2,1.2,281.2,83.837,Lunch,Vegetarian,International,None,100 g
Bay Leaf,2,0.086,0.4,0.042,0.2,0.0,0.084,5.0,0.3,3.2,6.316,Lunch,Vegetarian,International,None,100 g
Bean Ham Soup,198,10.3,33.5,2.5,9.8,7.8,0.5,93.1,2.5,387.1,154.4,Lunch,Vegetarian,International,None,100 g
Bean With Bacon Soup,106,5.5,16.4,2.1,9.0,0.6,0.9,55.7,1.3,326.0,91.1,Lunch,Vegetarian,International,None,100 g
Bean With Frankfurters Soup,188,10.0,22.0,7.0,0.0,0.0,1.1,87.5,2.4,477.5,129.9,Lunch,Vegetarian,International,None,100 g
Bean With Pork Soup,335,15.3,44.1,11.5,15.3,7.8,1.7,156.0,4.0,975.0,249.324,Lunch,Non-Vegetarian,International,None,100 g
Beechnuts Dried,173,1.9,10.1,15.0,0.0,0.0,0.068,0.3,0.7,305.1,32.7,Lunch,Vegetarian,International,None,100 g
Beef Bologna,90,3.3,1.3,7.8,0.0,0.6,0.3,0.053,0.01,46.2,12.962,Lunch,Non-Vegetarian,International,None,100 g
Beef Bottom Round Steak Cooked,980,155.8,0.0,35.1,0.0,0.0,0.2,31.8,13.0,1279.2,235.7,Lunch,Non-Vegetarian,International,None,100 g
Beef Brain Cooked,688,44.1,0.0,55.6,0.0,0.0,0.6,31.6,7.8,1242.5,150.7,Lunch,Non-Vegetarian,International,None,100 g
Beef Breakfast Strips Cooked,51,3.5,0.2,3.9,0.0,0.0,0.3,1.0,0.4,46.6,9.0,Lunch,Non-Vegetarian,International,None,100 g
Beef Breakfast Strips Raw,92,2.8,0.2,8.8,0.0,0.0,0.2,0.9,0.3,34.6,18.4,Lunch,Non-Vegetarian,International,None,100 g
Beef Brisket Cooked,589,46.0,0.0,43.6,0.0,0.0,0.1,12.5,4.4,446.8,106.5,Lunch,Non-Vegetarian,International,None,100 g
Beef Brisket Raw,1139,83.6,0.0,86.5,0.0,0.0,0.3,27.2,7.7,1279.2,205.0,Lunch,Non-Vegetarian,International,None,100 g
Beef Broth Powder,8,0.6,0.6,0.3,0.0,0.6,0.9,2.2,0.03,16.1,3.739,Lunch,Non-Vegetarian,International,None,100 g
Beef Broth Soup,17,2.7,0.01,0.5,0.0,0.0,0.9,14.4,0.4,129.6,18.049,Lunch,Non-Vegetarian,International,None,100 g
Beef Diced Asda,48,0.0,10.5,0.7,0.0,0.054,0.0,0.0,0.0,0.0,11.2,Lunch,Non-Vegetarian,International,None,100 g
Beef Empanada,298,10.1,27.8,16.3,1.8,1.6,0.4,17.8,2.4,169.1,76.2,Lunch,Non-Vegetarian,International,None,100 g
Beef Flank Steak Cooked,380,51.8,0.0,17.5,0.0,0.0,0.068,33.8,3.4,612.9,106.5,Lunch,Non-Vegetarian,International,None,100 g
Beef Flank Steak Raw,47,6.0,0.0,2.3,0.0,0.0,0.054,7.6,0.4,93.4,16.3,Lunch,Non-Vegetarian,International,None,100 g
Beef Flavored Rice Cooked,319,7.0,54.4,7.9,1.5,0.0,0.9,24.7,2.2,118.6,97.7,Lunch,Non-Vegetarian,International,None,100 g
Beef Flavored Rice Raw,657,19.8,139.1,2.3,2.9,0.0,2.4,58.6,5.2,309.3,227.9,Lunch,Non-Vegetarian,International,None,100 g
Beef Gravy,123,8.7,11.2,5.5,0.9,0.5,1.5,14.0,1.6,188.7,41.982,Lunch,Non-Vegetarian,International,None,100 g
Beef Gravy Instant,25,0.7,4.1,0.6,0.3,1.6,0.3,9.4,0.4,30.2,15.598,Lunch,Non-Vegetarian,International,None,100 g
Beef Heart Cooked,47,8.1,0.057,1.3,0.0,0.0,0.024,0.038,0.2,71.9,9.714,Lunch,Non-Vegetarian,International,None,100 g
Beef Jerky,82,6.6,2.2,5.1,0.4,1.8,0.4,4.0,1.1,119.4,19.4,Lunch,Non-Vegetarian,International,None,100 g
Beef Kidneys Cooked,45,7.7,0.0,1.3,0.0,0.0,0.029,5.4,1.6,38.2,16.0,Lunch,Non-Vegetarian,International,None,100 g
Beef Liver Cooked,130,19.8,3.5,3.6,0.0,0.0,0.068,0.07,9.7,338.0,37.539,Lunch,Non-Vegetarian,International,None,100 g
Beef Luncheon Meat Jellied,31,5.3,0.0,0.9,0.0,0.0,0.4,2.8,1.0,112.6,10.0,Lunch,Non-Vegetarian,International,None,100 g
Beef Lungs Cooked,364,61.8,0.0,11.2,0.0,0.0,0.3,33.3,16.4,524.2,221.858,Lunch,Non-Vegetarian,International,None,100 g
Beef Meat Canned,111,9.2,0.0,7.9,0.0,0.0,0.095,4.5,1.0,102.2,22.6,Lunch,Non-Vegetarian,International,None,100 g
Beef Mince Meat Asda,55,0.0,6.8,3.1,0.0,0.054,0.0,0.0,0.0,0.0,9.9,Lunch,Non-Vegetarian,International,None,100 g
Beef Mushroom Soup,186,14.0,15.9,7.3,0.6,0.0,2.2,12.2,2.1,384.3,52.1,Lunch,Non-Vegetarian,International,None,100 g
Beef Noodle Soup,168,9.6,17.9,6.2,1.5,5.2,1.6,30.0,2.2,197.5,68.232,Lunch,Non-Vegetarian,International,None,100 g
Beef Pancreas Cooked,602,60.2,0.0,38.2,0.0,0.0,0.1,35.5,5.8,546.1,184.8,Lunch,Non-Vegetarian,International,None,100 g
Beef Plate Steak Grilled,508,47.1,0.0,35.6,0.0,0.0,0.1,0.047,0.4,321.9,85.652,Lunch,Non-Vegetarian,International,None,100 g
Beef Plate Steak Raw,617,47.8,0.9,46.8,0.0,0.0,0.2,16.0,9.1,643.7,120.656,Lunch,Non-Vegetarian,International,None,100 g
Beef Pork Bologna,92,4.6,1.6,7.4,0.0,1.3,0.3,25.5,0.4,94.5,39.702,Lunch,Non-Vegetarian,International,None,100 g
Beef Rib Raw,1433,73.8,0.0,123.8,0.0,0.0,0.2,36.3,7.8,1179.4,241.7,Lunch,Non-Vegetarian,International,None,100 g
Beef Rib Roasted,238,15.4,0.0,19.1,0.0,0.0,0.01,6.7,1.6,196.3,42.8,Lunch,Non-Vegetarian,International,None,100 g
Beef Round Steak Cooked,385,64.8,0.0,12.1,0.0,0.0,0.011,14.4,5.2,516.6,96.5,Lunch,Non-Vegetarian,International,None,100 g
Beef Round Steak Raw,753,100.1,0.0,36.0,0.0,0.0,0.3,95.3,8.4,1583.1,239.8,Lunch,Non-Vegetarian,International,None,100 g
Beef Salami Cooked,68,3.3,0.5,5.8,0.0,0.4,0.3,1.6,0.6,48.9,11.8,Lunch,Non-Vegetarian,International,None,100 g
Beef Sandwich Steak Raw,173,9.2,0.0,15.1,0.0,0.0,0.043,6.7,1.0,130.5,32.0,Lunch,Non-Vegetarian,International,None,100 g
Beef Shoulder Steak Grilled,155,24.0,0.0,5.8,0.0,0.0,0.014,10.2,2.5,311.1,42.589,Lunch,Non-Vegetarian,International,None,100 g
Beef Shoulder Steak Raw,349,48.2,0.0,17.3,0.0,0.0,0.2,28.7,6.0,800.7,100.218,Lunch,Non-Vegetarian,International,None,100 g
Beef Spleen Cooked,447,77.3,0.0,12.9,0.0,0.0,0.2,37.0,121.2,874.7,403.3,Lunch,Non-Vegetarian,International,None,100 g
Beef Stick,110,4.3,1.1,9.9,0.0,0.0,0.3,13.6,0.7,51.4,31.0,Lunch,Non-Vegetarian,International,None,100 g
Beef Stock,31,4.7,2.9,0.2,0.0,1.3,0.5,19.2,0.6,444.0,27.6,Lunch,Non-Vegetarian,International,None,100 g
Beef Tallow,115,0.0,0.0,12.8,0.0,0.0,0.0,0.0,0.0,0.0,12.8,Lunch,Non-Vegetarian,International,None,100 g
Beef Tenderloin Steak Cooked,374,37.0,0.0,24.0,0.0,0.0,0.061,26.6,2.4,460.6,90.0,Lunch,Non-Vegetarian,International,None,100 g
Beef Tenderloin Steak Raw,405,32.2,0.0,29.8,0.0,0.0,0.032,37.7,2.3,495.3,102.0,Lunch,Non-Vegetarian,International,None,100 g
Beef Thymus Cooked,1215,83.2,0.0,95.2,0.0,0.0,0.4,38.1,5.7,1649.7,337.3,Lunch,Non-Vegetarian,International,None,100 g
Beef Tongue Cooked,80,5.5,0.0,6.3,0.0,0.0,0.029,1.4,0.7,52.1,14.3,Lunch,Non-Vegetarian,International,None,100 g
Beef Top Blade Cooked,184,21.9,0.0,10.0,0.0,0.0,0.002,6.0,2.3,254.2,40.2,Lunch,Non-Vegetarian,International,None,100 g
Beef Top Loin Filet Grilled,323,37.0,0.8,19.0,0.0,0.0,0.1,0.019,0.2,318.6,58.507,Lunch,Non-Vegetarian,International,None,100 g
Beef Top Sirloin Steak Cooked,430,47.7,0.0,25.2,0.0,0.0,0.055,35.4,3.1,594.7,111.4,Lunch,Non-Vegetarian,International,None,100 g
Beef Top Sirloin Steak Raw,1222,123.4,0.0,77.3,0.0,0.0,0.3,145.9,9.0,1915.2,355.6,Lunch,Non-Vegetarian,International,None,100 g
Beef Tripe Cooked,80,10.0,1.7,3.4,0.0,0.0,0.045,68.9,0.6,35.7,84.6,Lunch,Non-Vegetarian,International,None,100 g
Beef Under Blade Steak Cooked,983,140.8,0.0,46.7,0.0,0.0,0.3,0.044,0.5,929.4,191.483,Lunch,Non-Vegetarian,International,None,100 g
Beef Under Blade Steak Raw,1235,126.8,0.0,80.8,0.0,0.0,0.3,62.9,12.6,1225.8,283.198,Lunch,Non-Vegetarian,International,None,100 g
Beef Vegetable Soup,120,8.0,15.4,2.9,3.0,3.1,0.8,45.0,1.3,435.0,84.9,Lunch,Non-Vegetarian,International,None,100 g
Beer,142,1.5,11.7,0.0,0.0,0.0,0.067,13.2,0.031,89.1,26.436,Lunch,Vegetarian,International,None,100 g
Beer Budweiser,12,0.1,0.9,0.0,0.0,0.0,0.095,1.2,0.0,9.7,2.2,Lunch,Vegetarian,International,None,100 g
Beer Light,96,0.8,5.4,0.0,0.0,0.3,0.095,13.2,0.014,69.3,19.456,Lunch,Vegetarian,International,None,100 g
Beer Light Budweiser,9,0.066,0.4,0.0,0.0,0.0,0.016,0.9,0.0,7.7,1.32,Lunch,Vegetarian,International,None,100 g
Beet Greens Cooked,39,3.7,7.9,0.3,4.2,0.9,0.3,164.2,2.7,1309.0,218.9,Lunch,Vegetarian,International,None,100 g
Beet Greens Raw,8,0.8,1.6,0.078,1.4,0.2,0.013,44.5,1.0,289.6,60.771,Lunch,Vegetarian,International,None,100 g
Beets Canned,69,2.0,16.2,0.2,3.0,13.2,0.02,32.0,1.5,349.3,61.8,Lunch,Vegetarian,International,None,100 g
Beets Cooked,22,0.8,5.0,0.085,1.0,4.0,0.035,0.099,0.021,19.0,7.012,Lunch,Vegetarian,International,None,100 g
Beets Raw,58,2.2,13.0,0.2,3.8,9.2,0.1,0.079,0.1,54.4,19.395,Lunch,Vegetarian,International,None,100 g
Big Mac Mcdonalds,563,25.9,44.0,32.8,3.5,8.7,1.0,254.0,4.4,396.4,365.5,Lunch,Vegetarian,International,None,100 g
Big N Tasty Mcdonalds,524,24.7,38.5,31.7,3.2,8.8,0.7,150.8,4.4,464.0,257.7,Lunch,Vegetarian,International,None,100 g
Big N Tasty With Cheese Mcdonalds,573,27.2,39.7,36.0,3.2,9.5,1.0,224.8,4.4,491.5,339.7,Breakfast,Vegetarian,International,Milk,100 g
Biscotti Abbracci Mulino Bianco,54,0.4,0.8,2.6,0.0,0.051,0.0,0.0,0.0,0.0,3.8,Lunch,Vegetarian,International,None,100 g
Biscuit,357,7.1,45.0,16.5,1.5,2.2,0.6,237.4,2.9,122.2,310.6,Lunch,Vegetarian,International,None,100 g
Biscuit Kentucky Fried Chicken,185,3.8,22.1,9.1,0.8,1.7,0.5,31.2,1.5,59.8,68.5,Lunch,Non-Vegetarian,International,None,100 g
Biscuit Large Mcdonalds,310,5.5,39.4,14.4,1.8,2.7,0.9,68.4,2.5,108.0,132.022,Lunch,Vegetarian,International,None,100 g
Biscuit Mcdonalds,261,4.7,33.3,12.2,1.5,2.2,0.7,57.8,2.1,91.2,111.687,Lunch,Vegetarian,International,None,100 g
Biscuit With Egg,436,17.4,35.4,25.3,0.3,2.5,1.2,149.4,2.3,190.0,230.3,Breakfast,Non-Vegetarian,International,Egg,100 g
Biscuit With Egg Bacon,458,17.0,28.6,31.1,0.8,3.3,1.3,189.0,3.7,250.5,272.958,Breakfast,Non-Vegetarian,International,Egg,100 g
Biscuit With Egg Cheese Bacon,436,17.4,35.4,25.3,0.3,2.5,1.2,149.4,2.3,190.0,230.2,Breakfast,Non-Vegetarian,International,"Egg, Milk",100 g
Biscuit With Egg Ham,442,20.4,31.4,27.0,0.8,4.2,1.4,220.8,4.6,318.7,305.1,Breakfast,Non-Vegetarian,International,Egg,100 g
Biscuit With Egg Sausage,505,18.0,34.1,33.6,0.3,1.5,1.1,82.6,3.1,241.4,171.757,Breakfast,Non-Vegetarian,International,Egg,100 g
Biscuit With Egg Steak,410,17.9,21.3,28.4,0.0,0.0,0.9,137.6,5.3,306.4,210.8,Breakfast,Non-Vegetarian,International,Egg,100 g
Biscuit With Ham,386,13.4,43.8,18.4,0.8,2.2,1.1,160.5,2.7,196.6,239.732,Lunch,Vegetarian,International,None,100 g
Biscuit With Sausage,412,10.7,33.3,27.1,0.4,1.8,0.9,52.2,2.1,169.8,125.8,Lunch,Vegetarian,International,None,100 g
Black Bean Soup,234,12.4,39.6,3.4,17.5,6.4,2.5,90.0,3.9,642.5,167.3,Lunch,Vegetarian,International,None,100 g
Black Beans Cooked,227,15.2,40.8,0.9,15.0,0.0,0.008,46.4,3.6,610.6,121.9,Lunch,Vegetarian,International,None,100 g
Black Beans Raw,662,41.9,121.0,2.8,30.1,4.1,0.065,238.6,9.7,2877.0,444.1,Lunch,Vegetarian,International,None,100 g
Black Currants,71,1.6,17.2,0.5,0.0,0.0,0.075,61.6,1.7,360.6,285.3,Lunch,Vegetarian,International,None,100 g
Black Eyed Cowpeas Cooked,160,5.2,33.5,0.6,8.3,5.3,0.036,0.0,0.2,84.2,47.9,Lunch,Vegetarian,International,None,100 g
Black Eyed Cowpeas Raw,131,4.3,27.3,0.5,7.3,4.4,0.048,182.7,1.6,625.0,227.3,Lunch,Vegetarian,International,None,100 g
Black Pepper,6,0.2,1.5,0.006,0.6,0.08,0.036,0.045,0.001,3.6,2.505,Lunch,Vegetarian,International,None,100 g
Black Tea,2,0.0,0.7,0.0,0.0,0.0,0.091,0.0,0.088,87.7,0.72,Lunch,Vegetarian,International,None,100 g
Black Turtle Beans Cooked,241,15.1,45.0,0.6,15.4,0.6,0.06,0.004,0.5,281.2,76.721,Lunch,Vegetarian,International,None,100 g
Black Turtle Beans Raw,624,39.1,116.4,1.7,28.5,3.9,0.041,294.4,16.0,2760.0,496.1,Lunch,Vegetarian,International,None,100 g
Black Walnut Dried,31,1.2,0.5,3.0,0.3,0.018,0.028,3.1,0.2,26.2,8.347,Snack,Vegetarian,International,Tree Nuts,100 g
Blackberries Frozen,97,1.8,23.7,0.6,7.6,16.1,0.007,43.8,1.2,211.4,83.4,Lunch,Vegetarian,International,None,100 g
Blackberries Raw,62,2.0,13.8,0.7,7.6,7.0,0.05,41.8,0.9,233.3,97.0,Lunch,Vegetarian,International,None,100 g
Blackberry Juice,95,0.8,19.5,1.5,0.3,19.3,0.072,30.0,1.2,337.5,81.6,Lunch,Vegetarian,International,None,100 g
Blue Cheese,106,6.4,0.7,8.6,0.0,0.2,0.3,158.4,0.063,76.8,174.154,Breakfast,Vegetarian,International,Milk,100 g
Blue Cheese Dressing,71,0.2,0.7,7.7,0.045,0.5,0.2,5.6,0.058,13.2,14.429,Breakfast,Vegetarian,International,Milk,100 g
Blue Cheese Dressing Light,14,0.3,2.1,0.4,0.0,0.6,0.2,10.9,0.042,8.2,13.835,Breakfast,Vegetarian,International,Milk,100 g
Blue Crab Cooked,71,15.2,0.0,0.6,0.0,0.0,0.3,0.027,0.7,198.9,16.719,Lunch,Non-Vegetarian,International,None,100 g
Blue Crab Raw,18,3.8,0.018,0.2,0.0,0.0,0.079,18.7,0.2,69.1,23.615,Lunch,Non-Vegetarian,International,None,100 g
Blue Mussels Cooked,344,47.6,14.8,9.0,0.0,0.0,0.7,66.0,13.4,536.0,178.2,Lunch,Vegetarian,International,None,100 g
Blue Mussels Raw,129,17.9,5.5,3.4,0.0,0.0,0.4,39.0,5.9,480.0,83.72,Lunch,Vegetarian,International,None,100 g
Blueberries,84,1.1,21.4,0.5,3.6,14.7,0.015,0.041,0.063,17.8,26.767,Lunch,Vegetarian,International,None,100 g
Blueberry Muffin,214,2.6,30.2,9.2,0.6,17.9,0.2,0.054,0.063,83.2,42.915,Lunch,Vegetarian,International,None,100 g
Blueberry Pancakes,84,2.3,11.0,3.5,0.0,0.0,0.2,78.3,0.7,52.4,96.631,Lunch,Vegetarian,International,None,100 g
Blueberry Pie,360,4.0,49.2,17.5,0.0,0.0,0.3,10.3,1.8,73.5,83.8,Lunch,Vegetarian,International,None,100 g
Bluefin Tuna Cooked,276,44.9,0.0,9.4,0.0,0.0,0.02,15.0,2.0,484.5,72.4,Lunch,Vegetarian,International,None,100 g
Bluefin Tuna Raw,41,6.6,0.0,1.4,0.0,0.0,0.013,2.3,0.3,71.3,10.8,Lunch,Vegetarian,International,None,100 g
Bluefish Cooked,186,30.1,0.0,6.4,0.0,0.0,0.045,10.5,0.7,558.1,47.9,Lunch,Vegetarian,International,None,100 g
Bluefish Raw,186,30.1,0.0,6.4,0.0,0.0,0.028,10.5,0.7,558.0,47.9,Lunch,Vegetarian,International,None,100 g
Borage,19,1.6,2.7,0.6,0.0,0.0,0.023,82.8,2.9,418.3,121.8,Lunch,Vegetarian,International,None,100 g
Boston Butt Steak Cooked,494,46.4,0.0,32.7,0.0,0.0,0.1,48.1,3.2,564.3,130.498,Lunch,Vegetarian,International,None,100 g
Boston Butt Steak Raw,844,79.0,0.0,56.1,0.0,0.0,0.3,72.6,5.1,1442.4,212.848,Lunch,Vegetarian,International,None,100 g
Boysenberries Frozen,66,1.5,16.1,0.3,7.0,9.1,0.064,35.6,1.1,183.5,65.7,Lunch,Vegetarian,International,None,100 g
Bran Flakes,131,4.0,32.2,0.8,7.3,7.4,0.2,0.025,0.3,179.6,45.358,Lunch,Vegetarian,International,None,100 g
Bran Flakes Asda,109,0.0,0.2,0.6,0.0,0.0,0.0,0.0,0.0,0.0,0.8,Lunch,Vegetarian,International,None,100 g
Brazilnuts Dried,33,0.7,0.6,3.3,0.4,0.1,0.073,8.0,0.1,33.0,13.139,Lunch,Vegetarian,International,None,100 g
Bread Crumbs,427,14.4,77.7,5.7,4.9,6.7,0.8,197.6,5.2,211.7,305.5,Breakfast,Vegetarian,International,Gluten,100 g
Breadfruit,227,2.4,59.7,0.5,10.8,24.2,0.057,0.045,0.2,66.0,73.872,Breakfast,Vegetarian,International,Gluten,100 g
Breadfruit Seeds,57,2.2,8.8,1.7,1.6,0.0,0.04,10.8,1.1,282.3,28.2,Breakfast,Vegetarian,International,Gluten,100 g
Breadnut Tree Seeds Dried,587,13.8,127.0,2.7,23.8,0.0,0.091,150.4,7.4,3217.6,399.7,Breakfast,Vegetarian,International,Gluten,100 g
Breadnut Tree Seeds Raw,61,1.7,13.1,0.3,0.0,0.0,0.084,27.7,0.6,334.8,51.2,Breakfast,Vegetarian,International,Gluten,100 g
Breadsticks,103,3.0,17.1,2.4,0.8,0.3,0.2,5.5,1.1,31.0,29.9,Breakfast,Vegetarian,International,Gluten,100 g
Brick Cheese,111,7.0,0.8,8.9,0.0,0.2,0.2,202.2,0.1,40.8,219.002,Breakfast,Vegetarian,International,Milk,100 g
Brie Cheese,100,6.2,0.1,8.3,0.0,0.1,0.2,55.2,0.2,45.6,70.096,Breakfast,Vegetarian,International,Milk,100 g
Broccoli Cooked,98,6.7,20.1,1.1,9.2,3.9,0.1,0.4,0.2,187.6,38.3,Lunch,Vegetarian,International,None,100 g
Broccoli Raab Cooked,21,3.3,2.7,0.4,2.4,0.5,0.077,0.2,0.06,69.7,9.289,Lunch,Vegetarian,International,None,100 g
Broccoli Raab Raw,9,1.3,1.1,0.2,1.1,0.2,0.04,0.074,0.022,29.2,3.861,Lunch,Vegetarian,International,None,100 g
Broccoli Raw,31,2.6,6.0,0.3,2.4,1.5,0.049,0.092,0.016,60.1,11.548,Lunch,Vegetarian,International,None,100 g
Brown Gravy Dry,22,0.6,3.6,0.6,0.1,0.0,0.3,7.9,0.1,15.7,13.021,Lunch,Vegetarian,International,None,100 g
Brown Gravy Instant,25,0.6,4.0,0.8,0.2,0.6,0.3,7.8,0.5,24.6,14.0,Lunch,Vegetarian,International,None,100 g
Brown Rice Cake,35,0.7,7.3,0.3,0.4,0.047,0.024,1.0,0.1,26.1,9.8,Lunch,Vegetarian,International,None,100 g
Brown Rice Cooked,218,4.5,45.8,1.6,3.5,0.7,0.086,19.5,1.0,154.1,75.9,Lunch,Vegetarian,International,None,100 g
Brown Rice Raw,685,14.7,142.9,5.4,6.5,1.6,0.086,42.6,2.7,412.6,214.8,Lunch,Vegetarian,International,None,100 g
Brown Sugar,16,0.024,4.1,0.0,0.0,4.1,0.094,3.5,0.071,5.6,7.622,Lunch,Vegetarian,International,None,100 g
Brownie,243,2.9,38.3,9.8,1.3,22.0,0.2,17.4,1.4,89.4,71.166,Lunch,Vegetarian,International,None,100 g
Brussels Sprouts Cooked,8,0.5,1.5,0.1,0.5,0.4,0.051,7.6,0.3,66.6,23.5,Lunch,Vegetarian,International,None,100 g
Brussels Sprouts Raw,8,0.6,1.7,0.077,0.7,0.4,0.049,8.0,0.3,73.9,27.553,Lunch,Vegetarian,International,None,100 g
Buckwheat Cooked,155,5.7,33.5,1.0,4.5,1.5,0.053,11.8,1.3,147.8,57.8,Lunch,Vegetarian,International,None,100 g
Buckwheat Flour,402,15.1,84.7,3.7,12.0,3.1,0.033,49.2,4.9,692.4,169.6,Lunch,Vegetarian,International,None,100 g
Buckwheat Raw,41,1.6,8.6,0.4,1.2,0.0,0.054,2.2,0.3,55.2,14.3,Lunch,Vegetarian,International,None,100 g
Bulgur Cooked,151,5.6,33.8,0.4,8.2,0.2,0.049,18.2,1.7,123.8,67.9,Lunch,Vegetarian,International,None,100 g
Bulgur Dry,171,6.1,37.9,0.7,9.2,0.2,0.071,17.5,1.2,205.0,72.6,Lunch,Vegetarian,International,None,100 g
Burbot Cooked,104,22.3,0.0,0.9,0.0,0.0,0.1,57.6,1.0,466.2,81.891,Lunch,Vegetarian,International,None,100 g
Burbot Raw,104,22.4,0.0,0.9,0.0,0.0,0.1,58.0,1.0,468.6,82.309,Lunch,Vegetarian,International,None,100 g
Burdock Root Cooked,146,3.5,35.1,0.2,3.0,5.9,0.4,81.3,1.3,597.6,128.7,Lunch,Vegetarian,International,None,100 g
Burdock Root Raw,85,1.8,20.5,0.2,3.9,3.4,0.008,48.4,0.9,363.4,79.2,Lunch,Vegetarian,International,None,100 g
Burgundy Red Wine,172,0.1,7.4,0.0,0.0,0.0,0.0,0.0,0.0,0.0,7.5,Lunch,Vegetarian,International,None,100 g
Burrito With Beans,224,7.0,35.7,6.7,0.0,0.0,0.5,56.4,2.3,326.6,109.1,Lunch,Vegetarian,International,None,100 g
Burrito With Beans Beef,460,27.8,47.0,18.0,7.2,5.3,1.4,216.9,4.6,648.3,326.183,Lunch,Non-Vegetarian,International,None,100 g
Burrito With Beans Cheese,379,13.6,57.8,11.2,7.8,3.2,1.0,229.4,4.4,482.9,324.946,Breakfast,Vegetarian,International,Milk,100 g
Burrito With Beans Cheese Beef,165,7.3,19.8,6.6,0.0,0.0,0.5,65.0,1.9,205.0,103.1,Breakfast,Non-Vegetarian,International,Milk,100 g
Burrito With Beef,285,9.1,43.9,8.1,4.4,4.1,0.5,0.042,0.2,150.9,65.89,Lunch,Non-Vegetarian,International,None,100 g
Butter Croissant,231,4.7,26.1,12.0,1.5,6.4,0.2,21.1,1.2,67.3,66.8,Breakfast,Vegetarian,International,Milk,100 g
Butter Toastbrot Ja,66,0.0,2.0,0.9,0.0,0.4,0.0,0.0,0.0,0.0,2.9,Breakfast,Vegetarian,International,Milk,100 g
Butterbur,4,0.1,0.5,0.2,0.0,0.0,0.053,42.2,0.8,14.9,58.6,Breakfast,Vegetarian,International,Milk,100 g
Butterfish Cooked,47,5.5,0.0,2.6,0.0,0.0,0.042,7.0,0.2,120.3,15.35,Breakfast,Vegetarian,International,Milk,100 g
Butterfish Raw,47,5.5,0.0,2.6,0.0,0.0,0.072,7.0,0.2,120.0,15.332,Breakfast,Vegetarian,International,Milk,100 g
Buttermilk Dressing Light,30,0.2,3.2,1.9,0.2,0.6,0.2,6.0,0.1,19.8,11.699,Breakfast,Vegetarian,International,Milk,100 g
Buttermilk Pancakes,86,2.6,10.9,3.5,0.0,0.0,0.2,59.7,0.6,55.1,77.568,Breakfast,Vegetarian,International,Milk,100 g
Buttermilk Waffle,102,2.4,16.0,3.1,0.9,1.5,0.2,98.7,2.2,45.5,123.4,Breakfast,Vegetarian,International,Milk,100 g
Butternut Squash Cooked,80,1.8,21.0,0.2,6.4,3.9,0.002,82.0,1.2,568.0,142.8,Breakfast,Vegetarian,International,Milk,100 g
Butternut Squash Raw,90,2.0,23.4,0.2,4.0,4.4,0.067,0.075,0.1,66.0,30.078,Breakfast,Vegetarian,International,Milk,100 g
Butternuts Dried,734,29.9,14.5,68.4,5.6,0.0,0.062,63.6,4.8,505.2,190.6,Breakfast,Vegetarian,International,Milk,100 g
Butterscotch,21,0.079,4.8,0.2,0.0,4.3,0.039,0.2,0.02,0.2,5.351,Breakfast,Vegetarian,International,Milk,100 g
Cabarnet Franc Red Wine,122,0.1,3.6,0.0,0.0,0.0,0.0,0.0,0.0,0.0,3.7,Lunch,Vegetarian,International,None,100 g
Cabbage Cooked,35,1.9,8.3,0.019,2.9,4.2,0.011,0.2,0.067,49.5,13.566,Lunch,Vegetarian,International,None,100 g
Cabbage Raw,70,3.6,16.2,0.3,7.0,9.0,0.006,0.2,0.083,72.8,27.635,Lunch,Vegetarian,International,None,100 g
Cabernet Sauvignon Red Wine,166,0.1,5.2,0.0,0.0,0.0,0.0,0.0,0.0,0.0,5.3,Lunch,Vegetarian,International,None,100 g
Caesar Dressing,80,0.3,0.5,8.5,0.036,0.4,0.2,7.1,0.2,4.3,16.717,Lunch,Vegetarian,International,None,100 g
Caesar Dressing Low Calorie,17,0.028,2.8,0.7,0.053,2.4,0.2,3.6,0.016,4.4,7.293,Lunch,Vegetarian,International,None,100 g
Caesar Salad Mcdonalds,94,6.8,9.1,4.4,3.4,4.4,0.2,183.2,1.3,460.1,238.2,Lunch,Vegetarian,International,None,100 g
Caesar Salad With Crispy Chicken Mcdonalds,349,25.7,19.2,16.4,3.4,4.5,0.7,188.5,1.8,784.9,285.9,Lunch,Non-Vegetarian,International,None,100 g
Caesar Salad With Grilled Chicken Mcdonalds,201,29.1,11.3,5.6,3.3,4.8,0.6,189.4,1.8,754.8,271.9,Lunch,Non-Vegetarian,International,None,100 g
Camembert Cheese,90,5.9,0.1,7.3,0.0,0.1,0.3,116.4,0.063,56.1,129.826,Breakfast,Vegetarian,International,Milk,100 g
Canadian Maple Syrup,76,0.0,19.1,0.0,0.0,17.0,0.086,30.8,0.088,63.7,49.95,Lunch,Vegetarian,International,None,100 g
Canadian Style Bacon Grilled,43,5.7,0.3,2.0,0.0,0.0,0.4,2.4,0.2,91.7,10.6,Lunch,Vegetarian,International,None,100 g
Canadian Style Bacon Raw,45,5.9,0.5,2.0,0.0,0.0,0.3,2.3,0.2,98.0,10.9,Lunch,Vegetarian,International,None,100 g
Canola Oil,124,0.0,0.0,14.0,0.0,0.0,0.0,0.088,0.0,0.0,14.132,Lunch,Vegetarian,International,None,100 g
Cantaloupe Melon,60,1.5,14.4,0.3,1.6,13.9,0.087,0.028,0.018,26.6,17.939,Lunch,Vegetarian,International,None,100 g
Capers Canned,2,0.2,0.4,0.089,0.3,0.011,0.2,3.4,0.1,3.4,4.856,Lunch,Vegetarian,International,None,100 g
Carambola Starfruit,26,0.9,5.7,0.3,2.4,3.4,0.047,0.0,0.1,10.2,9.403,Lunch,Vegetarian,International,None,100 g
Caramel Custard Flan,444,13.9,69.7,12.3,0.0,70.8,0.2,254.0,1.2,361.1,351.2,Lunch,Vegetarian,International,None,100 g
Caramel Med Iced Coffee Dunkin Donuts,268,0.0,0.0,9.0,0.0,0.0,0.0,0.0,0.0,0.0,9.0,Lunch,Vegetarian,International,None,100 g
Caramel Popcorn,122,1.1,22.4,3.6,1.5,15.1,0.069,12.2,0.5,30.8,41.396,Lunch,Vegetarian,International,None,100 g
Caramel With Nuts Chocolate Coated,66,1.3,8.5,2.9,0.6,5.8,0.041,10.9,0.2,62.3,24.683,Lunch,Vegetarian,International,None,100 g
Caramels,39,0.5,7.8,0.8,0.0,6.6,0.015,13.9,0.049,21.6,23.208,Lunch,Vegetarian,International,None,100 g
Caraway Cheese,106,7.1,0.9,8.3,0.0,0.0,0.2,190.5,0.2,26.3,207.072,Breakfast,Vegetarian,International,Milk,100 g
Caraway Seeds,22,1.3,3.3,1.0,2.5,0.038,0.014,46.2,1.1,90.5,56.8,Lunch,Vegetarian,International,None,100 g
Cardamom,6,0.2,1.4,0.1,0.6,0.0,0.013,7.7,0.3,22.4,10.7,Lunch,Vegetarian,International,None,100 g
Cardoon Cooked,26,0.9,6.4,0.1,2.0,0.0,0.2,86.4,0.9,470.4,98.7,Lunch,Vegetarian,International,None,100 g
Cardoon Raw,30,1.2,7.2,0.2,2.8,0.0,0.3,0.0,0.4,40.9,12.0,Lunch,Vegetarian,International,None,100 g
Caribou Cooked,210,38.0,0.0,6.4,0.0,0.0,0.004,6.6,6.3,323.4,57.4,Lunch,Vegetarian,International,None,100 g
Carignane Red Wine,370,0.4,12.0,0.0,0.0,0.0,0.0,0.0,0.0,0.0,12.4,Lunch,Vegetarian,International,None,100 g
Carob,135,2.0,14.1,7.8,1.0,8.5,0.015,0.051,0.011,31.5,25.013,Lunch,Vegetarian,International,None,100 g
Carob Flour,13,0.3,5.3,0.061,2.4,2.9,0.033,20.9,0.2,49.6,29.18,Lunch,Vegetarian,International,None,100 g
Carp Cooked,275,38.9,0.0,12.2,0.0,0.0,0.1,88.4,2.7,725.9,144.989,Lunch,Vegetarian,International,None,100 g
Carp Raw,277,38.9,0.0,12.2,0.0,0.0,0.1,89.4,2.7,725.9,146.793,Lunch,Vegetarian,International,None,100 g
Carrot Juice,80,1.9,18.6,0.3,1.6,7.8,0.1,48.0,0.9,584.0,88.3,Lunch,Vegetarian,International,None,100 g
Carrots Canned,104,2.6,24.4,0.6,8.2,11.2,0.2,0.028,0.5,90.8,36.875,Lunch,Vegetarian,International,None,100 g
Carrots Cooked,16,0.3,3.8,0.092,1.4,1.6,0.025,13.8,0.2,108.1,21.214,Lunch,Vegetarian,International,None,100 g
Carrots Raw,25,0.6,5.8,0.1,1.7,2.9,0.024,0.028,0.022,21.4,8.43,Lunch,Vegetarian,International,None,100 g
Casaba Melon,48,1.9,11.2,0.2,1.5,9.7,0.057,18.7,0.6,309.4,71.2,Lunch,Vegetarian,International,None,100 g
Cashew Butter,94,2.8,4.4,7.9,0.3,0.8,0.071,6.9,0.8,87.4,23.1,Breakfast,Vegetarian,International,"Milk, Tree Nuts",100 g
Cashew Nuts Raw,156,5.2,8.5,12.4,0.9,1.7,0.02,10.5,1.9,186.8,39.5,Snack,Vegetarian,International,Tree Nuts,100 g
Cashew Nuts Roasted,174,5.1,9.0,14.3,1.0,1.5,0.091,12.9,1.8,189.6,44.12,Snack,Vegetarian,International,Tree Nuts,100 g
Cassava,330,2.8,78.4,0.6,3.7,3.5,0.099,0.011,0.2,55.6,85.964,Lunch,Vegetarian,International,None,100 g
Catfish Cooked,206,26.4,0.0,10.3,0.0,0.0,0.2,0.01,0.098,353.2,37.141,Lunch,Vegetarian,International,None,100 g
Catfish Fried,199,15.7,7.0,11.6,0.6,0.0,0.2,38.3,1.2,295.8,74.4,Lunch,Vegetarian,International,None,100 g
Catfish Raw,189,24.2,0.0,9.4,0.0,0.0,0.2,12.7,0.4,480.2,46.7,Lunch,Vegetarian,International,None,100 g
Catjang Cowpeas Cooked,200,13.9,34.7,1.2,6.2,0.0,0.021,0.0,0.5,242.8,56.7,Lunch,Vegetarian,International,None,100 g
Catjang Cowpeas Raw,573,39.8,99.6,3.5,17.9,0.0,0.07,142.0,16.6,2296.3,321.9,Lunch,Vegetarian,International,None,100 g
Catsup,19,0.2,4.5,0.066,0.053,3.7,0.2,2.7,0.073,53.6,8.299,Lunch,Vegetarian,International,None,100 g
Cattail,5,0.2,1.0,0.0,0.9,0.074,0.031,10.3,0.2,58.7,12.7,Lunch,Vegetarian,International,None,100 g
Cauliflower Cooked,29,2.3,5.1,0.6,2.9,2.6,0.094,0.068,0.041,39.7,11.26,Lunch,Vegetarian,International,None,100 g
Cauliflower Raw,3,0.2,0.6,0.081,0.3,0.2,0.042,0.033,0.01,5.7,1.337,Lunch,Vegetarian,International,None,100 g
Caviar,42,3.9,0.6,2.9,0.0,0.0,0.2,44.0,1.9,29.0,53.325,Lunch,Vegetarian,International,None,100 g
Cayenne Pepper,1,0.039,0.2,0.094,0.052,0.089,0.059,0.4,0.003,6.0,0.988,Lunch,Vegetarian,International,None,100 g
Celeriac Cooked,42,1.5,9.1,0.3,0.0,0.0,0.084,40.3,0.7,268.2,57.5,Lunch,Vegetarian,International,None,100 g
Celeriac Raw,66,2.3,14.4,0.5,2.8,2.5,0.2,0.081,0.1,179.4,20.499,Lunch,Vegetarian,International,None,100 g
Celery Cooked,7,0.3,1.5,0.098,0.6,0.9,0.093,15.8,0.2,106.5,20.767,Lunch,Vegetarian,International,None,100 g
Celery Raw,6,0.3,1.2,0.045,0.6,0.5,0.019,0.086,0.056,9.6,2.212,Lunch,Vegetarian,International,None,100 g
Celery Seeds,25,1.2,2.7,1.6,0.8,0.078,0.068,114.9,2.9,91.0,125.2,Lunch,Vegetarian,International,None,100 g
Celtuce,1,0.071,0.3,0.088,0.1,0.0,0.094,3.1,0.079,26.4,5.255,Lunch,Vegetarian,International,None,100 g
Chamomile Tea,2,0.0,0.4,0.0,0.0,0.0,0.003,4.0,0.2,18.0,4.6,Lunch,Vegetarian,International,None,100 g
Chanterelle Mushrooms,2,0.033,0.4,0.063,0.2,0.076,0.028,0.0,0.067,3.1,0.757,Lunch,Vegetarian,International,None,100 g
Chaptti Roti Indian Bread,491,7.0,0.089,2.5,0.0,68.4,0.0,0.0,0.0,0.0,9.551,Breakfast,Vegetarian,International,Gluten,100 g
Chardonnay White Wine,168,0.1,4.3,0.0,0.0,1.9,0.027,18.0,0.5,142.0,22.9,Lunch,Vegetarian,International,None,100 g
Chayote Cooked,35,1.0,7.2,0.8,4.5,0.0,0.4,20.8,0.4,276.8,47.5,Lunch,Vegetarian,International,None,100 g
Chayote Raw,25,1.1,6.0,0.2,2.2,2.2,0.094,0.046,0.2,23.8,9.855,Lunch,Vegetarian,International,None,100 g
Cheddar Cheese,113,6.4,0.9,9.3,0.0,0.1,0.2,198.8,0.077,21.3,215.53,Breakfast,Vegetarian,International,Milk,100 g
Cheese Bread,196,5.0,21.5,10.0,1.0,1.0,0.4,43.2,1.2,40.3,81.937,Breakfast,Vegetarian,International,"Gluten, Milk",100 g
Cheese Coffeecake,258,5.3,33.7,11.6,0.8,0.0,0.3,44.8,0.5,219.6,96.831,Breakfast,Vegetarian,International,Milk,100 g
Cheese Crackers,34,0.8,4.2,1.6,0.2,0.3,0.065,0.026,0.032,14.0,7.053,Breakfast,Vegetarian,International,Milk,100 g
Cheese Croissant,331,7.4,37.6,16.7,2.1,9.1,0.3,42.4,1.7,105.6,108.3,Breakfast,Vegetarian,International,Milk,100 g
Cheese Imitation,441,28.3,1.1,36.2,0.0,1.1,0.8,796.7,0.8,62.2,863.2,Breakfast,Vegetarian,International,Milk,100 g
Cheese Lasagna,316,15.9,33.6,13.0,4.1,10.3,0.7,269.7,3.1,442.3,381.08,Breakfast,Vegetarian,International,Milk,100 g
Cheese Pizza,285,12.2,35.7,10.4,2.5,3.8,0.6,0.082,0.1,231.1,61.304,Breakfast,Vegetarian,International,Milk,100 g
Cheese Pizza Dominos,278,11.7,35.9,9.7,2.4,4.3,0.6,180.4,2.5,173.9,243.663,Breakfast,Vegetarian,International,Milk,100 g
Cheese Pizza Pizza Hut,260,11.5,30.0,10.5,1.7,3.2,0.7,200.6,1.9,166.1,256.272,Breakfast,Vegetarian,International,Milk,100 g
Cheese Popcorn,58,1.0,5.7,3.7,1.1,0.0,0.002,12.4,0.2,28.7,24.284,Breakfast,Vegetarian,International,Milk,100 g
Cheese Puffs,197,2.1,18.6,12.8,0.6,1.1,0.3,20.0,0.7,66.2,54.854,Breakfast,Vegetarian,International,Milk,100 g
Cheese Ravioli Canned,186,6.0,33.0,3.5,3.1,9.0,0.7,79.9,1.8,561.4,127.3,Breakfast,Vegetarian,International,Milk,100 g
Cheese Sauce,30,1.5,0.8,2.2,0.071,0.033,0.002,46.7,0.047,21.3,51.263,Breakfast,Vegetarian,International,Milk,100 g
Cheese Soup,203,2.0,28.0,9.7,5.5,9.3,1.7,89.3,0.4,91.8,135.1,Breakfast,Vegetarian,International,Milk,100 g
Cheese Spread,708,17.0,8.4,68.6,0.0,8.4,1.2,170.4,2.7,268.8,267.8,Breakfast,Vegetarian,International,Milk,100 g
Cheese Tortellini,332,14.6,50.8,7.8,2.1,1.0,0.4,164.2,1.6,96.1,241.181,Breakfast,Vegetarian,International,Milk,100 g
Cheeseburger,292,15.0,28.7,13.2,1.6,5.9,0.6,0.04,0.1,154.1,60.289,Breakfast,Vegetarian,International,Milk,100 g
Cheeseburger Burger King,380,19.4,31.5,19.7,3.7,6.0,0.8,123.7,3.3,236.7,201.6,Breakfast,Vegetarian,International,Milk,100 g
Cheeseburger Mcdonalds,313,15.4,33.1,14.0,1.3,7.4,0.7,198.7,2.8,238.0,266.0,Breakfast,Vegetarian,International,Milk,100 g
Cheesecake,257,4.4,20.4,18.0,0.3,17.4,0.4,40.8,0.5,72.0,84.8,Breakfast,Vegetarian,International,Milk,100 g
Chenin Blanc White Wine,118,0.1,4.9,0.0,0.0,0.0,0.0,0.0,0.0,0.0,5.0,Lunch,Vegetarian,International,None,100 g
Cherimoya,176,3.7,41.6,1.6,7.1,30.2,0.061,0.0,0.2,61.1,54.8,Lunch,Vegetarian,International,None,100 g
Cherries,5,0.068,1.3,0.056,0.2,1.0,0.0,0.053,0.026,1.7,1.715,Lunch,Vegetarian,International,None,100 g
Cherry Pie,486,5.0,69.3,22.0,0.0,0.0,0.3,18.0,3.3,138.6,119.444,Lunch,Vegetarian,International,None,100 g
Chervil Dried,5,0.4,0.9,0.002,0.2,0.0,0.076,25.6,0.6,90.1,28.777,Lunch,Vegetarian,International,None,100 g
Cheshire Cheese,110,6.6,1.4,8.7,0.0,0.0,0.2,182.0,0.005,26.9,198.767,Breakfast,Vegetarian,International,Milk,100 g
Chestnuts Cooked,37,0.6,7.9,0.4,0.0,0.0,0.046,13.0,0.5,202.3,30.0,Lunch,Vegetarian,International,None,100 g
Chestnuts Raw,309,3.5,66.0,3.3,11.7,0.0,0.02,39.2,1.5,751.1,187.6,Lunch,Vegetarian,International,None,100 g
Chestnuts Roasted,37,0.5,7.9,0.3,0.8,1.6,0.043,4.4,0.1,88.8,17.9,Lunch,Vegetarian,International,None,100 g
Chewing Gum,11,0.0,2.9,0.032,0.012,2.0,0.083,0.0,0.0,0.05,2.973,Lunch,Vegetarian,International,None,100 g
Chewing Gum Sugarless,5,0.0,1.9,0.013,0.078,0.0,0.001,0.4,0.0,0.0,2.378,Lunch,Vegetarian,International,None,100 g
Chia Seeds Dried,138,4.7,11.9,8.7,9.7,0.0,0.047,178.6,2.2,115.2,216.3,Lunch,Vegetarian,International,None,100 g
Chicken And Rice Casserole Homade,27,2.0,2.4,1.0,0.3,0.0,0.0,0.0,0.0,0.0,5.7,Lunch,Non-Vegetarian,International,None,100 g
Chicken Back Cooked,93,8.0,0.0,6.5,0.0,0.0,0.091,6.5,0.4,52.2,21.425,Lunch,Non-Vegetarian,International,None,100 g
Chicken Back Raw,188,8.3,0.0,17.0,0.0,0.0,0.043,7.7,0.6,85.0,34.564,Lunch,Non-Vegetarian,International,None,100 g
Chicken Bouillon Dry,11,0.7,0.7,0.6,0.0,0.7,1.0,7.5,0.061,12.4,9.502,Lunch,Non-Vegetarian,International,None,100 g
Chicken Box Mcdonalds,70,0.2,5.5,4.0,0.0,0.5,0.0,0.0,0.0,0.0,9.7,Lunch,Non-Vegetarian,International,None,100 g
Chicken Breast Cooked,114,17.3,0.0,4.5,0.0,0.0,0.058,8.1,0.6,142.1,30.552,Lunch,Non-Vegetarian,International,None,100 g
Chicken Breast Raw,299,36.3,0.0,16.1,0.0,0.0,0.1,19.1,1.3,382.8,72.834,Lunch,Non-Vegetarian,International,None,100 g
Chicken Broth,12,1.0,1.0,0.5,0.0,0.0,0.9,14.1,0.5,188.0,33.6,Lunch,Non-Vegetarian,International,None,100 g
Chicken Broth Dry,10,0.7,1.1,0.2,0.0,0.0,1.2,9.1,0.059,18.0,11.198,Lunch,Non-Vegetarian,International,None,100 g
Chicken Broth Soup,78,11.1,1.9,2.6,0.0,0.9,1.6,15.1,1.0,428.4,31.7,Lunch,Non-Vegetarian,International,None,100 g
Chicken Chow Mein,513,40.8,50.1,16.9,6.0,10.5,1.9,126.8,4.0,749.0,256.797,Lunch,Non-Vegetarian,International,None,100 g
Chicken Crispy Breast Kentucky Fried Chicken,375,29.7,11.9,23.2,0.0,0.0,0.8,37.8,0.8,361.2,103.428,Lunch,Non-Vegetarian,International,None,100 g
Chicken Crispy Drumsticks Kentucky Fried Chicken,156,11.8,4.5,10.1,0.0,0.0,0.4,14.3,0.5,135.1,41.248,Lunch,Non-Vegetarian,International,None,100 g
Chicken Crispy Wings Kentucky Fried Chicken,148,9.2,5.1,10.1,0.0,0.0,0.3,15.4,0.3,98.1,40.161,Lunch,Non-Vegetarian,International,None,100 g
Chicken Drumstick Fried,193,15.8,6.0,11.3,0.2,0.0,0.2,12.2,1.0,133.9,46.519,Lunch,Non-Vegetarian,International,None,100 g
Chicken Drumstick Raw,211,23.4,0.1,12.4,0.0,0.0,0.1,13.3,0.8,296.6,50.075,Lunch,Non-Vegetarian,International,None,100 g
Chicken Dumplings Soup,235,13.6,14.7,13.4,1.2,1.4,1.8,35.8,1.5,283.1,80.269,Lunch,Non-Vegetarian,International,None,100 g
Chicken Egg Roll,158,8.4,22.8,3.6,1.9,4.5,0.4,37.6,1.4,224.8,84.75,Breakfast,Non-Vegetarian,International,Egg,100 g
Chicken Fajita Strips,13,1.7,0.2,0.5,0.0,0.0,0.044,1.2,0.097,26.7,3.66,Lunch,Non-Vegetarian,International,None,100 g
Chicken Fat,115,0.0,0.0,12.8,0.0,0.0,0.0,0.0,0.0,0.0,12.8,Lunch,Non-Vegetarian,International,None,100 g
Chicken Feet Cooked,975,88.0,0.9,66.2,0.0,0.0,0.3,399.2,4.1,140.6,558.5,Lunch,Non-Vegetarian,International,None,100 g
Chicken Flavored Rice Cooked,317,6.2,54.8,8.0,1.6,1.5,0.9,16.3,2.2,135.1,89.138,Lunch,Non-Vegetarian,International,None,100 g
Chicken Flavored Rice Raw,601,17.9,127.3,2.2,2.0,4.0,2.1,30.2,4.7,257.0,184.3,Lunch,Non-Vegetarian,International,None,100 g
Chicken Gizzard Cooked,223,44.1,0.0,3.9,0.0,0.0,0.069,24.7,4.6,259.6,77.3,Lunch,Non-Vegetarian,International,None,100 g
Chicken Gravy,188,4.6,12.9,13.6,1.0,1.9,1.0,47.6,1.1,259.4,80.872,Lunch,Non-Vegetarian,International,None,100 g
Chicken Gumbo Soup,113,5.3,16.8,2.9,4.0,4.9,1.7,47.9,1.8,151.2,88.8,Lunch,Non-Vegetarian,International,None,100 g
Chicken Heart Cooked,268,38.3,0.1,11.5,0.0,0.0,0.081,27.6,13.1,191.4,93.286,Lunch,Non-Vegetarian,International,None,100 g
Chicken Leg Fried,431,34.4,13.8,25.5,0.5,0.0,0.4,28.4,2.2,298.6,104.858,Lunch,Non-Vegetarian,International,None,100 g
Chicken Leg Raw,736,56.3,0.6,54.9,0.0,0.0,0.3,31.0,2.4,698.3,145.973,Lunch,Non-Vegetarian,International,None,100 g
Chicken Liver Cooked,76,11.3,0.5,2.8,0.0,0.0,0.079,0.0,0.2,194.5,15.238,Lunch,Non-Vegetarian,International,None,100 g
Chicken Mcnuggets Mcdonalds,48,2.5,2.4,3.2,0.0,0.025,0.009,0.0,0.017,43.5,8.181,Lunch,Non-Vegetarian,International,None,100 g
Chicken Meat Raw,1978,171.1,0.0,138.6,0.0,0.0,0.6,101.2,8.3,1738.8,434.3,Lunch,Non-Vegetarian,International,None,100 g
Chicken Mushroom Chowder Soup,431,16.2,38.3,23.7,7.5,0.0,1.8,0.0,2.6,0.0,99.1,Lunch,Non-Vegetarian,International,None,100 g
Chicken Mushroom Soup,126,2.0,15.1,6.1,4.0,1.0,0.8,29.0,0.9,158.8,57.171,Lunch,Non-Vegetarian,International,None,100 g
Chicken Neck Cooked,94,7.5,0.0,6.9,0.0,0.0,0.085,10.3,0.9,41.0,25.616,Lunch,Non-Vegetarian,International,None,100 g
Chicken Neck Raw,149,7.0,0.0,13.1,0.0,0.0,0.027,9.0,1.0,68.5,30.146,Lunch,Non-Vegetarian,International,None,100 g
Chicken Noodle Soup,145,7.2,18.4,4.7,2.7,0.0,2.1,0.0,0.4,115.1,33.513,Lunch,Non-Vegetarian,International,None,100 g
Chicken Nuggets,61,3.2,3.0,4.1,0.2,0.039,0.1,0.058,0.091,54.4,10.792,Lunch,Non-Vegetarian,International,None,100 g
Chicken Patty,172,8.9,7.7,11.7,0.2,0.0,0.3,11.4,0.6,156.6,40.5,Lunch,Non-Vegetarian,International,None,100 g
Chicken Pork Bologna,94,2.9,1.2,8.6,0.0,0.0,0.3,54.9,0.3,45.4,71.678,Lunch,Non-Vegetarian,International,None,100 g
Chicken Pot Pie,598,14.6,57.3,34.6,3.0,7.2,1.2,63.4,1.8,317.1,177.7,Lunch,Non-Vegetarian,International,None,100 g
Chicken Rice Soup,127,12.3,13.0,3.2,1.0,1.4,0.9,33.6,1.9,108.0,68.818,Lunch,Non-Vegetarian,International,None,100 g
Chicken Sandwich,468,30.4,39.1,20.9,2.6,6.8,1.4,0.012,0.2,346.0,94.051,Lunch,Non-Vegetarian,International,None,100 g
Chicken Sandwich With Cheese,632,29.4,41.6,38.8,0.0,0.0,1.2,257.6,3.6,332.9,374.2,Breakfast,Non-Vegetarian,International,Milk,100 g
Chicken Skin Roasted,508,22.8,0.0,45.6,0.0,0.0,0.028,15.7,1.7,152.3,85.844,Lunch,Non-Vegetarian,International,None,100 g
Chicken Soup,174,12.4,16.9,6.5,1.5,2.1,0.9,24.5,1.7,171.5,64.716,Lunch,Non-Vegetarian,International,None,100 g
Chicken Spread,88,10.1,2.3,9.8,0.2,0.3,0.4,9.0,0.5,59.4,31.972,Lunch,Non-Vegetarian,International,None,100 g
Chicken Stock,86,6.0,8.5,2.9,0.0,3.8,0.3,7.2,0.5,252.0,25.696,Lunch,Non-Vegetarian,International,None,100 g
Chicken Strips Burger King,105,6.6,7.4,5.5,0.5,0.0,0.3,0.046,0.005,104.8,20.168,Lunch,Non-Vegetarian,International,None,100 g
Chicken Vegetable Soup,148,7.1,17.0,5.6,1.7,3.0,1.7,33.9,1.7,304.9,68.983,Lunch,Non-Vegetarian,International,None,100 g
Chicken Wing Cooked,52,4.8,0.0,3.5,0.0,0.0,0.086,2.5,0.2,29.2,11.058,Lunch,Non-Vegetarian,International,None,100 g
Chicken Wing Roasted,216,20.2,0.0,14.3,0.0,0.0,0.039,0.024,0.092,125.0,35.155,Lunch,Non-Vegetarian,International,None,100 g
Chickpea Flour,356,20.6,53.2,6.2,9.9,10.0,0.05,41.4,4.5,778.3,135.8,Lunch,Vegetarian,International,None,100 g
Chickpeas Canned,352,17.8,57.0,7.0,0.0,0.0,0.6,113.9,2.7,318.8,198.7,Lunch,Vegetarian,International,None,100 g
Chickpeas Cooked,269,14.5,45.0,4.2,12.5,7.9,0.08,80.4,4.7,477.2,163.4,Lunch,Vegetarian,International,None,100 g
Chickpeas Raw,728,38.6,121.3,12.1,34.8,21.4,0.005,210.0,12.5,1750.0,437.3,Lunch,Vegetarian,International,None,100 g
Chicory Greens,7,0.5,1.4,0.096,1.2,0.2,0.017,0.079,0.081,13.6,3.279,Lunch,Vegetarian,International,None,100 g
Chicory Roots,65,1.3,15.8,0.2,1.4,7.9,0.055,0.0,0.051,54.9,18.997,Lunch,Vegetarian,International,None,100 g
Chihuahua Cheese,494,28.5,7.3,39.2,0.0,7.3,0.8,859.3,0.6,68.6,934.983,Breakfast,Vegetarian,International,Milk,100 g
Chili Beef Soup,308,13.4,49.6,6.7,6.6,13.4,2.1,0.072,0.8,297.2,77.607,Lunch,Non-Vegetarian,International,None,100 g
Chili Con Carne,271,14.7,33.1,8.8,8.3,4.7,1.1,0.063,0.6,220.1,66.245,Lunch,Vegetarian,International,None,100 g
Chili Pepper Sauce Green,3,0.1,0.8,0.032,0.3,0.4,0.03,0.8,0.023,84.6,12.206,Lunch,Vegetarian,International,None,100 g
Chili Pepper Sauce Red,3,0.1,0.6,0.089,0.1,0.4,0.003,1.4,0.051,84.6,6.755,Lunch,Vegetarian,International,None,100 g
Chili Peppers Canned,29,1.0,6.4,0.4,2.4,0.0,0.6,50.0,1.8,157.1,109.5,Lunch,Vegetarian,International,None,100 g
Chili Powder,8,0.4,1.3,0.4,0.9,0.2,0.014,0.047,0.032,8.1,3.182,Lunch,Vegetarian,International,None,100 g
Chili With Beans Canned,287,14.6,30.5,14.1,11.3,3.0,1.3,120.3,8.8,934.4,204.0,Lunch,Vegetarian,International,None,100 g
Chili Without Beans Canned,283,18.1,14.6,17.0,0.0,0.0,0.9,72.0,4.8,444.0,130.8,Lunch,Vegetarian,International,None,100 g
Chimichanga With Beef,425,19.6,42.8,19.7,0.0,0.0,0.9,62.6,4.5,586.4,153.9,Lunch,Non-Vegetarian,International,None,100 g
Chimichanga With Beef Cheese,443,20.1,39.3,23.4,0.0,0.0,1.0,237.9,3.8,203.1,327.3,Breakfast,Non-Vegetarian,International,Milk,100 g
Chinese Cabbage Pak Choi Cooked,20,2.7,3.0,0.3,1.7,1.4,0.5,158.1,1.8,630.7,211.8,Lunch,Vegetarian,International,None,100 g
Chinese Cabbage Pak Choi Raw,9,1.1,1.5,0.1,0.7,0.8,0.087,73.5,0.6,176.4,109.0,Lunch,Vegetarian,International,None,100 g
Chinese Cabbage Pe Tsai Cooked,17,1.8,2.9,0.2,2.0,0.0,0.3,38.1,0.4,267.8,64.2,Lunch,Vegetarian,International,None,100 g
Chinese Cabbage Pe Tsai Raw,12,0.9,2.5,0.2,0.9,1.1,0.049,58.5,0.2,180.9,83.7,Lunch,Vegetarian,International,None,100 g
Chinese Chestnuts Roasted,68,1.3,14.8,0.3,0.0,0.0,0.052,5.4,0.4,135.0,33.1,Lunch,Vegetarian,International,None,100 g
Chinese Egg Roll,223,7.4,24.3,10.6,2.3,0.0,0.4,35.6,1.3,146.9,81.5,Breakfast,Non-Vegetarian,International,Egg,100 g
Chinese Noodles,456,0.2,111.9,0.094,0.7,0.0,0.088,0.0,0.1,41.6,112.906,Lunch,Vegetarian,International,None,100 g
Chinook Salmon Cooked,711,79.2,0.0,41.2,0.0,0.0,0.2,86.2,2.8,1555.4,222.5,Lunch,Vegetarian,International,None,100 g
Chinook Salmon Raw,709,78.9,0.0,41.3,0.0,0.0,0.2,103.0,1.0,1560.2,240.5,Lunch,Vegetarian,International,None,100 g
Chinook Salmon Smoked,159,24.9,0.0,5.9,0.0,0.0,1.1,15.0,1.2,238.0,47.038,Lunch,Vegetarian,International,None,100 g
Chips Chipotle,151,0.2,2.1,7.1,0.0,2.1,0.0,0.0,0.0,0.0,9.4,Lunch,Vegetarian,International,None,100 g
Chives Dried,1,0.013,0.1,0.055,0.041,0.0,0.04,0.0,0.047,1.0,0.32,Lunch,Vegetarian,International,None,100 g
Chives Raw,1,0.03,0.1,0.088,0.044,0.02,0.099,0.08,0.059,1.7,0.417,Lunch,Vegetarian,International,None,100 g
Chocolate,208,1.6,24.8,14.0,2.3,21.1,0.001,9.8,1.1,118.9,53.6,Lunch,Vegetarian,International,None,100 g
Chocolate Cake,352,5.0,50.7,14.3,1.5,0.0,0.3,57.0,1.5,133.0,130.2,Lunch,Vegetarian,International,None,100 g
Chocolate Cake With Chocolate Frosting,537,4.8,72.9,27.7,3.0,55.1,0.5,41.4,4.2,372.6,154.164,Lunch,Vegetarian,International,None,100 g
Chocolate Chip Cookie,63,0.5,9.3,2.8,0.3,5.3,0.047,0.036,0.049,8.7,13.122,Lunch,Vegetarian,International,None,100 g
Chocolate Chip Cookies Mcdonalds,136,1.6,18.7,6.4,0.6,9.6,0.058,9.6,1.1,54.9,38.09,Lunch,Vegetarian,International,None,100 g
Chocolate Chip Granola Bar,105,1.8,17.3,3.9,1.1,0.0,0.062,18.5,0.7,60.2,43.38,Lunch,Vegetarian,International,None,100 g
Chocolate Coated Donut,81,0.9,9.2,4.5,0.3,4.8,0.099,4.3,0.7,36.2,20.16,Lunch,Vegetarian,International,None,100 g
Chocolate Coated Marshmallow,118,1.1,19.0,4.7,0.6,12.5,0.002,12.9,0.7,51.0,39.096,Lunch,Vegetarian,International,None,100 g
Chocolate Coffee Beans,155,2.1,15.6,9.4,1.6,14.4,0.006,47.8,0.6,116.9,77.127,Lunch,Vegetarian,International,None,100 g
Chocolate Covered Graham Crackers,68,0.8,9.3,3.2,0.4,5.8,0.067,8.1,0.5,29.3,22.313,Lunch,Vegetarian,International,None,100 g
Chocolate Cream Pie,301,2.6,33.3,19.2,2.0,0.0,0.1,35.6,1.1,125.7,93.8,Lunch,Vegetarian,International,None,100 g
Chocolate Donut,250,2.7,34.4,11.9,1.3,19.2,0.1,127.8,1.4,63.6,179.637,Lunch,Vegetarian,International,None,100 g
Chocolate Frosting,81,0.2,13.0,3.6,0.2,11.8,0.025,1.6,0.3,40.2,18.9,Lunch,Vegetarian,International,None,100 g
Chocolate Frozen Yogurt,221,5.2,37.6,6.3,4.0,33.5,0.1,174.0,0.8,407.2,227.929,Breakfast,Vegetarian,International,Milk,100 g
Chocolate Fudge,70,0.4,13.0,1.8,0.3,12.4,0.032,8.3,0.3,22.8,24.119,Lunch,Vegetarian,International,None,100 g
Chocolate Fudge Syrup,67,0.9,12.0,1.7,0.5,6.6,0.084,9.3,0.2,54.0,24.726,Lunch,Vegetarian,International,None,100 g
Chocolate Hazelnut Spread,100,1.0,11.5,5.5,1.0,10.0,0.099,20.0,0.8,75.3,39.8,Lunch,Vegetarian,International,None,100 g
Chocolate Milk Dessert,229,5.9,51.6,1.4,0.0,51.6,0.1,211.0,0.02,456.2,270.99,Breakfast,Vegetarian,International,Milk,100 g
Chocolate Mousse,338,6.2,24.1,24.0,0.9,22.2,0.081,144.0,0.8,214.5,200.4,Lunch,Vegetarian,International,None,100 g
Chocolate Pie Crust,881,11.1,117.4,40.8,4.9,47.9,0.9,58.2,7.8,340.3,240.2,Lunch,Vegetarian,International,None,100 g
Chocolate Powder For Milk,88,1.0,19.9,0.5,1.0,18.0,0.012,100.1,0.0,61.6,128.5,Breakfast,Vegetarian,International,Milk,100 g
Chocolate Pretzels,50,0.8,7.8,1.8,0.0,0.0,0.037,8.1,0.2,24.8,18.726,Lunch,Vegetarian,International,None,100 g
Chocolate Pudding,213,3.1,34.5,6.9,0.0,25.8,0.2,76.5,1.9,276.0,123.424,Lunch,Vegetarian,International,None,100 g
Chocolate Pudding Fat Free,105,2.2,23.6,0.3,0.3,17.8,0.1,44.1,1.9,235.0,72.4,Lunch,Vegetarian,International,None,100 g
Chocolate Rasberry Protein Mini Proteinfx,102,0.0,0.0,2.9,0.0,0.0,0.0,0.0,0.0,0.0,2.9,Lunch,Vegetarian,International,None,100 g
Chocolate Semisweet,806,7.1,107.4,50.4,9.9,91.6,0.042,53.8,5.3,613.2,233.9,Lunch,Vegetarian,International,None,100 g
Chocolate Snack Cake,200,1.8,30.2,8.0,1.6,18.9,0.2,58.0,1.8,88.0,102.459,Lunch,Vegetarian,International,None,100 g
Chocolate Soda,207,0.0,52.6,0.0,0.0,52.6,0.031,19.7,0.5,246.0,72.8,Lunch,Vegetarian,International,None,100 g
Chocolate Soymilk,153,5.5,24.2,3.7,1.0,19.1,0.1,0.074,0.5,123.9,35.156,Lunch,Vegetarian,International,Soy,100 g
Chocolate Soymilk Nonfat,107,6.0,20.7,0.046,0.5,8.9,0.1,281.9,0.9,255.2,310.107,Lunch,Vegetarian,International,Soy,100 g
Chocolate Syrup,109,0.8,25.4,0.4,1.0,19.4,0.061,5.5,0.8,87.4,33.955,Lunch,Vegetarian,International,None,100 g
Chocolate Wafers,485,7.4,81.1,15.9,3.8,33.2,0.8,34.7,4.5,235.2,147.442,Lunch,Vegetarian,International,None,100 g
Chocolate Yogurt,168,5.3,35.3,0.0,1.8,22.5,0.2,132.0,0.6,508.5,175.0,Breakfast,Vegetarian,International,Milk,100 g
Chokecherries,249,4.7,51.8,2.6,30.8,14.4,0.078,92.4,1.1,583.7,191.9,Lunch,Vegetarian,International,None,100 g
Chopped Ham,50,4.6,1.2,2.9,0.0,0.0,0.3,2.0,0.2,89.3,10.9,Lunch,Vegetarian,International,None,100 g
Chow Mein Noodles,257,5.9,37.5,9.9,1.5,0.5,0.5,11.2,2.6,67.2,68.6,Lunch,Vegetarian,International,None,100 g
Chow Mein Stir Fry Master Foods,26,0.0,0.0,0.2,0.0,0.0,0.0,0.0,0.0,0.0,0.2,Lunch,Vegetarian,International,None,100 g
Chowchow Pickles,296,3.7,65.3,2.2,3.7,58.5,1.3,56.4,3.4,490.0,149.4,Lunch,Vegetarian,International,None,100 g
Chrysanthemum Cooked,20,1.6,4.3,0.036,2.3,2.0,0.042,0.1,0.1,43.0,8.597,Lunch,Vegetarian,International,None,100 g
Chrysanthemum Raw,12,1.7,1.5,0.3,1.5,0.0,0.012,0.2,0.044,27.5,5.285,Lunch,Vegetarian,International,None,100 g
Chuck Blade Roast Cooked,842,66.1,0.0,62.0,0.0,0.0,0.2,32.1,7.7,575.5,167.9,Lunch,Vegetarian,International,None,100 g
Chuck Blade Roast Raw,1125,77.8,0.0,88.0,0.0,0.0,0.3,45.4,9.3,1229.3,220.5,Lunch,Vegetarian,International,None,100 g
Chuck Eye Steak Grilled,853,76.9,0.0,60.5,0.0,0.0,0.2,0.02,0.2,594.4,142.79,Lunch,Vegetarian,International,None,100 g
Chuck Eye Steak Raw,856,72.4,0.0,62.8,0.0,0.0,0.3,53.8,8.1,1263.4,197.159,Lunch,Vegetarian,International,None,100 g
Chum Salmon Canned,520,79.1,0.0,20.3,0.0,0.0,0.3,918.8,2.6,1107.0,1020.805,Lunch,Vegetarian,International,None,100 g
Chum Salmon Cooked,474,79.5,0.0,14.9,0.0,0.0,0.2,43.1,2.2,1694.0,139.8,Lunch,Vegetarian,International,None,100 g
Chum Salmon Raw,3,0.6,0.0,0.1,0.0,0.0,0.029,0.3,0.038,12.0,1.025,Lunch,Vegetarian,International,None,100 g
Chunky Peanut Butter,94,3.8,3.5,8.0,1.3,1.3,0.03,7.2,0.3,119.2,24.1,Breakfast,Vegetarian,International,"Milk, Peanuts",100 g
Cider Vinegar,3,0.0,0.1,0.0,0.0,0.018,0.011,1.0,0.052,10.9,1.117,Lunch,Vegetarian,International,None,100 g
Cinnamon Coffeecake,238,3.9,26.6,13.3,1.1,0.0,0.2,30.8,1.1,70.1,77.089,Lunch,Vegetarian,International,None,100 g
Cinnamon Ground,6,0.1,2.1,0.044,1.4,0.066,0.022,26.1,0.2,11.2,30.0,Lunch,Vegetarian,International,None,100 g
Cinnamon Raisin Bagel,71,2.5,14.4,0.4,0.6,1.6,0.047,4.9,1.0,38.5,24.016,Lunch,Vegetarian,International,None,100 g
Cinnamon Toaster Pastry,206,2.6,34.1,7.1,0.5,0.0,0.2,17.0,2.0,57.0,63.489,Lunch,Vegetarian,International,None,100 g
Cisco Raw,77,15.0,0.0,1.5,0.0,0.0,0.042,9.5,0.3,279.7,26.367,Lunch,Vegetarian,International,None,100 g
Cisco Smoked,50,4.6,0.0,3.4,0.0,0.0,0.1,7.4,0.1,82.9,15.576,Lunch,Vegetarian,International,None,100 g
Citrus Fruit Juice,114,0.8,28.3,0.057,0.2,20.2,0.051,22.3,2.8,277.8,121.7,Lunch,Vegetarian,International,None,100 g
Clam Chowder Soup,154,4.4,24.5,4.4,3.0,6.8,1.8,47.9,3.3,378.0,95.69,Lunch,Vegetarian,International,None,100 g
Clam Tomato Juice,80,1.0,18.2,0.3,0.7,5.5,0.6,13.3,0.2,147.7,42.0,Lunch,Vegetarian,International,None,100 g
Clams Canned,227,38.8,9.4,2.5,0.0,0.0,0.2,104.0,4.3,1004.8,159.2,Lunch,Vegetarian,International,None,100 g
Clams Fried,19,1.3,1.0,1.0,0.0,0.0,0.068,5.9,1.3,30.6,11.464,Lunch,Vegetarian,International,None,100 g
Clams Raw,195,33.3,8.1,2.2,0.0,0.0,1.4,88.5,3.7,104.4,136.0,Lunch,Vegetarian,International,None,100 g
Claret Red Wine,122,0.1,4.4,0.0,15.0,0.0,0.0,0.0,0.0,0.0,146.5,Lunch,Vegetarian,International,None,100 g
Classique Yogurt Plain 2 Liberte,30,3.3,1.7,1.2,0.0,1.7,0.0,0.0,0.0,0.0,6.2,Breakfast,Vegetarian,International,Milk,100 g
Clementine,35,0.6,8.9,0.1,1.3,6.8,0.044,0.0,0.093,15.5,10.954,Lunch,Vegetarian,International,None,100 g
Clif Bar,235,10.0,44.5,4.0,5.0,21.5,0.1,250.2,4.5,280.2,378.2,Lunch,Vegetarian,International,None,100 g
Cloud Ear Fungus Dried,80,2.6,20.4,0.2,19.6,0.0,0.036,44.5,1.6,211.1,88.9,Lunch,Vegetarian,International,None,100 g
Cloves Ground,6,0.1,1.4,0.3,0.7,0.028,0.0,13.3,0.2,21.4,16.019,Lunch,Vegetarian,International,None,100 g
Club Soda,0,0.0,0.0,0.0,0.0,0.0,0.046,0.0,0.015,0.0,0.025,Lunch,Vegetarian,International,None,100 g
Cocktail Sauce,19,0.2,4.2,0.2,0.3,1.8,0.2,3.9,0.1,46.4,10.667,Lunch,Vegetarian,International,None,100 g
Cocoa Butter Oil,120,0.0,0.0,13.6,0.0,0.0,0.0,0.0,0.0,0.0,13.6,Breakfast,Vegetarian,International,Milk,100 g
Cocoa Powder,28,0.5,5.9,0.3,0.3,4.6,0.034,9.3,0.075,49.8,16.393,Lunch,Vegetarian,International,None,100 g
Cocoa Powder Unsweetened,12,1.1,3.1,0.7,1.8,0.087,0.062,6.9,0.7,82.3,14.3,Lunch,Vegetarian,International,None,100 g
Coconut Granola Bar,150,1.5,15.6,9.1,1.8,9.7,0.006,11.9,0.5,71.9,40.5,Lunch,Vegetarian,International,None,100 g
Coconut Meat,1405,13.2,60.5,133.0,35.7,24.7,0.022,55.6,9.6,1413.3,320.7,Lunch,Vegetarian,International,None,100 g
Coconut Meat Dried,187,1.9,6.7,18.3,4.6,2.1,0.058,7.4,0.9,153.7,40.2,Lunch,Vegetarian,International,None,100 g
Coconut Milk,35,0.3,0.8,3.6,0.3,0.5,0.001,2.4,0.2,39.5,8.0,Breakfast,Vegetarian,International,Milk,100 g
Coconut Oil,117,0.0,0.0,13.6,0.0,0.0,0.0,0.029,0.0,0.0,13.661,Lunch,Vegetarian,International,None,100 g
Coconut Water,46,1.7,8.9,0.5,2.6,6.3,0.3,57.6,0.7,600.0,77.8,Lunch,Vegetarian,International,None,100 g
Coconut Whole Coconut,3336,0.0,0.0,71.5,0.0,0.0,0.0,0.0,0.0,0.0,71.5,Lunch,Vegetarian,International,None,100 g
Cod Canned,328,71.0,0.0,2.7,0.0,0.0,0.7,65.5,1.5,1647.4,143.814,Lunch,Vegetarian,International,None,100 g
Cod Cooked,189,41.1,0.0,1.5,0.0,0.0,0.1,25.2,0.9,439.2,70.534,Lunch,Vegetarian,International,None,100 g
Cod Liver Fish Oil,123,0.0,0.0,13.6,0.0,0.0,0.0,0.0,0.0,0.0,17.7,Lunch,Non-Vegetarian,International,None,100 g
Cod Raw,189,41.1,0.0,1.5,0.0,0.0,0.1,37.0,0.9,954.0,82.88,Lunch,Vegetarian,International,None,100 g
Coffee,2,0.3,0.0,0.069,0.0,0.0,0.075,4.7,0.051,116.1,5.09,Lunch,Vegetarian,International,None,100 g
Coffee Decaffeinated,0,0.2,0.0,0.0,0.0,0.0,0.058,4.7,0.1,128.0,5.0,Lunch,Vegetarian,International,None,100 g
Coffee Liqueur,96,0.041,13.8,0.038,0.0,13.7,0.093,0.3,0.02,8.9,14.241,Lunch,Vegetarian,International,None,100 g
Coffeecake With Chocolate Frosting,298,4.5,48.4,9.7,1.8,0.0,0.3,34.2,0.5,70.2,99.233,Lunch,Vegetarian,International,None,100 g
Coho Salmon Cooked,255,34.7,0.0,11.8,0.0,0.0,0.06,17.2,0.6,657.8,66.478,Lunch,Vegetarian,International,None,100 g
Coho Salmon Raw,254,33.8,0.0,12.2,0.0,0.0,0.054,19.1,0.5,715.5,67.308,Lunch,Vegetarian,International,None,100 g
Cola,74,0.1,19.1,0.07,0.0,17.9,0.072,0.0,0.012,20.0,19.336,Lunch,Vegetarian,International,None,100 g
Cola Coca Cola,151,0.0,38.9,0.0,0.0,38.9,0.045,7.4,0.048,11.0,46.4,Lunch,Vegetarian,International,None,100 g
Cola Light Coca Cola,0,0.0,0.0,0.0,0.0,0.0,0.087,0.0,0.0,0.0,0.0,Lunch,Vegetarian,International,None,100 g
Cola Without Caffeine Coca Cola,151,0.0,38.9,0.0,0.0,38.9,0.04,7.4,0.026,11.0,46.381,Lunch,Vegetarian,International,None,100 g
Colby Cheese,445,26.8,2.9,36.3,0.0,0.6,0.7,774.1,0.9,143.5,841.3,Breakfast,Vegetarian,International,Milk,100 g
Coleslaw,292,1.8,28.4,18.9,3.6,23.3,0.4,0.1,0.039,38.2,53.118,Lunch,Vegetarian,International,None,100 g
Coleslaw Dressing,62,0.1,3.8,5.3,0.024,3.2,0.1,2.2,0.01,1.4,11.62,Lunch,Vegetarian,International,None,100 g
Coleslaw Dressing Reduced Fat,56,0.0,6.8,3.4,0.045,6.6,0.3,6.1,0.08,8.5,16.403,Lunch,Vegetarian,International,None,100 g
Collard Cooked,63,5.1,10.7,1.4,7.6,0.0,0.013,267.9,2.1,222.3,329.4,Lunch,Vegetarian,International,None,100 g
Collard Raw,12,1.1,2.0,0.2,1.4,0.2,0.014,0.2,0.004,9.0,5.001,Lunch,Vegetarian,International,None,100 g
Conch Baked,165,33.4,2.2,1.5,0.0,0.0,0.2,124.5,1.8,207.0,163.446,Lunch,Vegetarian,International,None,100 g
Congee With Pork Shrimp And Squid Plus Egg,178,0.0,0.0,0.3,0.0,0.0,0.0,0.0,0.0,0.0,0.3,Breakfast,Non-Vegetarian,International,Egg,100 g
Consomme Dry,17,2.2,1.9,0.2,0.0,1.1,0.8,12.5,0.2,57.3,17.2,Lunch,Vegetarian,International,None,100 g
Cooking Wine,2,0.028,0.3,0.0,0.0,0.09,0.002,0.4,0.1,4.3,0.879,Lunch,Vegetarian,International,None,100 g
Coriander Leaves Dried,2,0.1,0.3,0.098,0.095,0.045,0.018,0.094,0.017,2.9,0.633,Lunch,Vegetarian,International,None,100 g
Coriander Leaves Raw,4,0.3,0.6,0.086,0.4,0.1,0.005,10.7,0.3,83.4,16.674,Lunch,Vegetarian,International,None,100 g
Coriander Seeds,5,0.2,1.0,0.3,0.8,0.0,0.095,12.8,0.3,22.8,15.8,Lunch,Vegetarian,International,None,100 g
Corn Cake,35,0.7,7.5,0.2,0.2,2.1,0.01,1.7,0.1,14.1,10.437,Lunch,Vegetarian,International,None,100 g
Corn Canned,49,1.6,11.1,0.6,1.4,3.3,0.2,0.0,0.02,36.8,14.834,Lunch,Vegetarian,International,None,100 g
Corn Chips,162,1.9,17.2,10.0,1.2,0.031,0.2,0.068,0.021,58.2,30.501,Lunch,Vegetarian,International,None,100 g
Corn Chips Barbecue,1036,13.9,111.3,64.7,10.3,0.0,1.5,259.4,3.0,467.3,466.0,Lunch,Vegetarian,International,None,100 g
Corn Chips Unsalted,490,5.8,50.5,29.4,3.9,1.2,0.024,109.1,1.5,162.8,202.0,Lunch,Vegetarian,International,None,100 g
Corn Cones,144,1.6,17.8,7.6,0.3,0.0,0.3,0.8,0.7,22.9,28.8,Lunch,Vegetarian,International,None,100 g
Corn Cooked,99,3.5,21.6,1.5,2.5,4.7,0.039,0.055,0.025,79.3,29.288,Lunch,Vegetarian,International,None,100 g
Corn Dog,195,6.7,21.0,9.4,0.8,5.9,0.5,0.086,0.1,174.7,38.257,Lunch,Vegetarian,International,None,100 g
Corn Dried,119,4.1,18.8,3.0,5.8,6.0,0.029,7.1,0.7,219.3,39.5,Lunch,Vegetarian,International,None,100 g
Corn Flakes,108,1.7,24.6,0.3,0.8,2.2,0.2,0.0,0.083,9.2,27.947,Breakfast,Vegetarian,International,None,100 g
Corn Flour White,414,9.6,87.3,4.2,7.3,1.8,0.036,157.3,1.7,298.7,267.4,Lunch,Vegetarian,International,None,100 g
Corn Flour Whole Grain,422,8.1,89.9,4.5,8.5,0.7,0.033,8.2,2.8,368.6,122.0,Lunch,Vegetarian,International,None,100 g
Corn Flour Yellow,422,8.1,89.9,4.5,8.5,0.7,0.04,8.2,2.8,368.6,122.0,Lunch,Vegetarian,International,None,100 g
Corn Granola Oil,124,0.0,0.0,14.0,0.0,0.0,0.0,0.0,0.0,0.0,14.0,Lunch,Vegetarian,International,None,100 g
Corn Grits Cooked,182,4.4,37.9,1.2,2.1,0.3,0.6,2.6,1.5,69.4,49.7,Lunch,Vegetarian,International,None,100 g
Corn Grits Dry,36,0.7,7.7,0.2,0.4,0.008,0.054,0.4,0.3,13.7,9.7,Lunch,Vegetarian,International,None,100 g
Corn Muffin,201,3.9,33.7,5.5,2.2,11.7,0.3,48.8,1.9,45.5,96.069,Lunch,Vegetarian,International,None,100 g
Corn On The Cob With Butter,155,4.5,31.9,3.4,0.0,0.0,0.056,4.4,0.9,359.2,52.078,Breakfast,Vegetarian,International,Milk,100 g
Corn Pasta Cooked,176,3.7,39.1,1.0,6.7,0.0,0.0,1.4,0.4,43.4,52.3,Lunch,Vegetarian,International,None,100 g
Corn Pasta Dry,375,7.8,83.2,2.2,11.6,0.0,0.027,4.2,1.0,308.7,110.0,Lunch,Vegetarian,International,None,100 g
Corn Pudding,328,11.1,42.4,12.6,3.0,16.5,0.7,0.066,0.1,225.0,69.795,Lunch,Vegetarian,International,None,100 g
Corn Raw,123,4.7,26.7,1.9,2.9,9.0,0.083,0.054,0.076,127.3,36.328,Lunch,Vegetarian,International,None,100 g
Corn Rice,110,1.8,25.2,0.3,0.4,3.0,0.2,2.9,9.9,30.5,51.9,Lunch,Vegetarian,International,None,100 g
Corn Syrup Dark,57,0.0,15.5,0.0,0.0,15.5,0.047,3.6,0.044,8.8,19.122,Lunch,Vegetarian,International,None,100 g
Corn Syrup Light,62,0.0,16.9,0.09,0.0,16.9,0.065,2.9,0.0,0.2,19.806,Lunch,Vegetarian,International,None,100 g
Corn Tamale,309,5.8,44.3,12.0,5.3,12.3,0.5,39.8,0.9,308.8,108.1,Lunch,Vegetarian,International,None,100 g
Corn Tortilla,52,1.4,10.7,0.7,1.5,0.2,0.075,19.4,0.3,44.6,34.0,Lunch,Vegetarian,International,None,100 g
Corn Tostada Shell,58,0.8,7.9,2.9,0.7,0.0,0.084,9.3,0.2,29.2,21.8,Lunch,Vegetarian,International,None,100 g
Corned Beef Canned,53,5.7,0.0,3.1,0.0,0.0,0.2,2.5,0.4,28.6,11.7,Lunch,Non-Vegetarian,International,None,100 g
Corned Beef Cooked,53,3.8,0.006,4.0,0.0,0.0,0.2,1.7,0.4,30.5,9.905,Lunch,Non-Vegetarian,International,None,100 g
Corned Beef Hash With Potatoes,387,20.6,21.9,24.2,2.6,0.8,1.0,44.8,2.4,405.9,118.6,Lunch,Non-Vegetarian,International,None,100 g
Corned Beef Raw,898,66.6,0.6,67.6,0.0,0.0,5.5,31.8,7.7,1347.2,296.8,Lunch,Non-Vegetarian,International,None,100 g
Cornmeal White,581,11.2,124.7,2.7,6.1,2.5,0.094,4.7,1.7,222.9,151.1,Lunch,Vegetarian,International,None,100 g
Cornmeal Whole Grain,442,9.9,93.8,4.4,8.9,0.8,0.022,7.3,4.2,350.1,128.5,Lunch,Vegetarian,International,None,100 g
Cornmeal Yellow,581,11.2,124.7,2.7,6.1,2.5,0.011,4.7,1.7,222.9,151.1,Lunch,Vegetarian,International,None,100 g
Cornnuts,126,2.4,20.3,4.4,2.0,0.2,0.2,2.5,0.5,78.7,32.1,Lunch,Vegetarian,International,None,100 g
Cornsalad,12,1.1,2.0,0.2,0.0,0.0,0.067,0.0,0.092,29.7,3.593,Lunch,Vegetarian,International,None,100 g
Cornstarch,488,0.3,116.8,0.03,1.2,0.0,0.093,2.6,0.6,3.8,121.535,Lunch,Vegetarian,International,None,100 g
Cottage Cheese Creamed,20,2.2,0.7,0.9,0.0,0.5,0.095,16.6,0.071,20.8,20.576,Breakfast,Vegetarian,International,Milk,100 g
Cottage Cheese Low Fat,163,28.0,6.1,2.3,0.0,6.1,0.9,137.9,0.3,194.4,174.683,Breakfast,Vegetarian,International,Milk,100 g
Cottage Cheese Nonfat,104,15.0,9.7,0.4,0.0,2.7,0.5,124.7,0.2,198.7,150.072,Breakfast,Vegetarian,International,Milk,100 g
Cottage Fries,11,0.2,1.9,0.4,0.2,0.019,0.058,0.9,0.025,32.5,4.413,Lunch,Vegetarian,International,None,100 g
Cottonseed Flour Low Fat,94,14.1,10.2,0.4,0.0,0.0,0.022,134.1,3.6,498.4,163.1,Lunch,Vegetarian,International,None,100 g
Cottonseed Kernels Roasted,754,48.6,32.6,54.1,8.2,0.0,0.073,149.0,8.0,2011.5,313.9,Lunch,Vegetarian,International,None,100 g
Cottonseed Oil,120,0.0,0.0,13.6,0.0,0.0,0.0,0.0,0.0,0.0,13.6,Lunch,Vegetarian,International,None,100 g
Couscous Cooked,176,6.0,36.5,0.3,2.2,0.2,0.054,12.6,0.6,91.1,58.2,Lunch,Vegetarian,International,None,100 g
Couscous Dry,650,22.1,134.0,1.1,8.7,0.0,0.031,41.5,1.9,287.2,209.3,Lunch,Vegetarian,International,None,100 g
Cowpeas Canned,185,11.4,32.7,1.3,7.9,0.0,0.7,48.0,2.3,412.8,110.1,Lunch,Vegetarian,International,None,100 g
Cowpeas Cooked,81,5.4,14.5,0.4,4.6,2.3,0.037,0.033,0.2,109.2,25.166,Lunch,Vegetarian,International,None,100 g
Cowpeas Raw,41,3.1,8.9,0.3,3.1,4.7,0.026,61.1,0.9,202.1,108.4,Lunch,Vegetarian,International,None,100 g
Crab Apple,84,0.4,21.9,0.3,0.0,0.0,0.03,19.8,0.4,213.4,51.6,Snack,Non-Vegetarian,International,None,100 g
Crab Cake,160,11.3,5.1,10.4,0.2,0.0,0.5,202.2,1.1,162.0,230.596,Lunch,Non-Vegetarian,International,None,100 g
Crab Soup,95,10.4,12.5,0.8,2.4,0.0,0.6,83.0,1.9,434.3,120.3,Lunch,Non-Vegetarian,International,None,100 g
Cracked Wheat Bread,74,2.5,14.0,1.1,1.6,0.0,0.2,12.2,0.8,50.1,32.2,Breakfast,Vegetarian,International,Gluten,100 g
Cracker Meal,440,10.7,93.0,2.0,3.0,0.4,0.078,26.5,5.3,132.3,140.5,Lunch,Vegetarian,International,None,100 g
Crackers,82,1.1,9.8,4.2,0.4,1.3,0.1,0.036,0.011,39.7,15.764,Lunch,Vegetarian,International,None,100 g
Crackers Whole Wheat,120,3.0,19.5,4.0,2.9,0.3,0.2,10.1,0.9,96.6,40.4,Lunch,Vegetarian,International,Gluten,100 g
Cranberries,21,0.2,5.4,0.014,1.6,1.9,0.03,0.063,0.033,5.0,7.473,Lunch,Vegetarian,International,None,100 g
Cranberries Dried,370,0.053,98.8,1.6,6.8,78.0,0.037,12.0,0.6,48.0,120.036,Lunch,Vegetarian,International,None,100 g
Cranberry Apple Juice,154,0.0,38.8,0.3,0.0,35.5,0.061,7.4,0.2,41.7,143.5,Snack,Vegetarian,International,None,100 g
Cranberry Apricot Juice,157,0.5,39.7,0.0,0.2,0.0,0.007,22.1,0.4,149.5,62.9,Lunch,Vegetarian,International,None,100 g
Cranberry Beans Canned,216,14.4,39.3,0.7,16.4,0.0,0.9,88.4,4.0,676.0,165.3,Lunch,Vegetarian,International,None,100 g
Cranberry Beans Cooked,241,16.5,43.3,0.8,17.7,0.0,0.4,0.0,0.4,239.0,78.8,Lunch,Vegetarian,International,None,100 g
Cranberry Beans Raw,653,44.9,117.1,2.4,48.2,0.0,0.014,247.7,9.8,2597.4,470.1,Lunch,Vegetarian,International,None,100 g
Cranberry Grape Juice,137,0.5,34.3,0.2,0.2,0.0,0.079,19.6,0.04,58.8,133.2,Lunch,Vegetarian,International,None,100 g
Cranberry Juice,92,0.8,24.4,0.3,0.2,24.2,0.093,0.099,0.1,26.0,25.975,Lunch,Vegetarian,International,None,100 g
Cranberry Orange Relish,490,0.8,127.1,0.3,0.0,0.0,0.063,30.3,0.6,104.5,208.6,Snack,Vegetarian,International,None,100 g
Cranberry Sauce Sweetened,418,0.6,107.8,0.4,2.8,105.0,0.076,11.1,0.6,72.0,128.8,Lunch,Vegetarian,International,None,100 g
Crayfish Cooked,25,5.0,0.0,0.4,0.0,0.0,0.058,14.4,0.3,67.4,20.222,Lunch,Vegetarian,International,None,100 g
Crayfish Raw,3,0.6,0.0,0.048,0.0,0.0,0.024,1.0,0.053,10.4,1.788,Lunch,Vegetarian,International,None,100 g
Cream Cheese,51,0.9,0.8,5.0,0.0,0.5,0.016,0.008,0.082,15.5,7.07,Breakfast,Vegetarian,International,Milk,100 g
Cream Cheese Fat Free,19,2.8,1.4,0.2,0.0,1.0,0.1,63.2,0.053,50.0,67.679,Breakfast,Vegetarian,International,Milk,100 g
Cream Cheese Low Fat,30,1.2,1.2,2.3,0.0,0.9,0.046,22.2,0.008,37.1,27.007,Breakfast,Vegetarian,International,Milk,100 g
Cream Of Asparagus Soup,174,4.6,21.5,8.2,1.0,1.8,1.7,58.0,1.6,347.8,100.43,Lunch,Vegetarian,International,None,100 g
Cream Of Celery Soup,181,3.3,17.7,11.2,1.5,3.4,1.3,80.6,1.3,247.0,116.189,Lunch,Vegetarian,International,None,100 g
Cream Of Chicken Soup,227,6.0,18.0,14.5,0.0,1.4,1.8,35.3,2.7,123.5,76.9,Lunch,Non-Vegetarian,International,None,100 g
Cream Of Mushroom Soup,199,3.4,17.1,13.4,1.8,1.0,1.7,30.2,0.5,161.3,66.404,Lunch,Vegetarian,International,None,100 g
Cream Of Onion Soup,268,6.7,31.7,12.8,1.2,11.1,1.9,82.4,1.5,298.9,139.473,Lunch,Vegetarian,International,None,100 g
Cream Of Potato Soup,186,3.8,32.2,4.7,3.3,3.6,1.5,42.8,0.9,415.8,88.202,Lunch,Vegetarian,International,None,100 g
Cream Of Rice Coup,127,2.2,28.1,0.2,0.2,0.022,0.4,7.3,0.5,48.8,38.5,Lunch,Vegetarian,International,None,100 g
Cream Of Shrimp Soup,181,5.6,16.5,10.4,0.5,0.0,1.7,35.3,1.1,118.4,69.41,Lunch,Non-Vegetarian,International,None,100 g
Cream Of Tartar,8,0.0,1.8,0.0,0.01,0.0,0.009,0.2,0.1,495.0,2.138,Lunch,Vegetarian,International,None,100 g
Cream Soda,252,0.0,65.7,0.0,0.0,65.7,0.098,24.7,0.2,4.9,90.6,Lunch,Vegetarian,International,None,100 g
Creamy Ranch Sauce Mcdonalds,132,0.3,1.0,14.7,0.0,1.0,0.2,8.2,0.039,22.1,24.274,Lunch,Vegetarian,International,None,100 g
Crimini Mushrooms,1,0.2,0.3,0.018,0.064,0.1,0.086,0.0,0.098,7.2,0.681,Lunch,Vegetarian,International,None,100 g
Crisped Rice Bar,113,1.4,20.4,3.8,0.6,0.0,0.01,5.9,1.8,47.0,33.9,Lunch,Vegetarian,International,None,100 g
Crispy Brown Rice,124,2.3,27.5,1.1,2.3,2.9,0.086,9.0,0.4,76.2,42.6,Lunch,Vegetarian,International,None,100 g
Crispy Chicken Breast Kentucky Fried Chicken,214,38.2,0.4,6.7,0.0,0.0,0.7,28.0,0.7,432.6,74.065,Lunch,Non-Vegetarian,International,None,100 g
Crispy Chicken Drumstick Kentucky Fried Chicken,70,10.6,0.0,3.0,0.0,0.0,0.2,6.6,0.4,111.9,20.632,Lunch,Non-Vegetarian,International,None,100 g
Crispy Chicken Sandwich,350,14.8,33.2,17.6,0.0,3.9,0.7,46.6,1.9,233.1,114.1,Lunch,Non-Vegetarian,International,None,100 g
Crispy Chicken Strips Kentucky Fried Chicken,129,9.5,6.4,7.2,0.7,0.0,0.4,11.8,0.3,156.5,35.9,Lunch,Non-Vegetarian,International,None,100 g
Crispy Chicken Strips Tyson,145,0.0,0.0,6.0,0.0,0.0,0.0,0.0,0.0,0.0,6.0,Lunch,Non-Vegetarian,International,None,100 g
Crispy Chicken Thigh Kentucky Fried Chicken,163,20.4,0.0,9.1,0.0,0.0,0.5,19.1,0.9,246.6,49.591,Lunch,Non-Vegetarian,International,None,100 g
Crispy Chicken Wing Kentucky Fried Chicken,104,12.6,1.3,5.3,0.0,0.0,0.3,13.2,0.4,116.6,32.851,Lunch,Non-Vegetarian,International,None,100 g
Croissant With Egg Cheese,368,12.8,24.3,24.7,0.0,0.0,0.6,243.8,2.2,174.0,307.9,Breakfast,Non-Vegetarian,International,"Egg, Milk",100 g
Crookneck Squash Canned,27,1.3,6.2,0.1,2.9,2.5,0.006,25.2,1.5,201.6,42.9,Lunch,Vegetarian,International,None,100 g
Crookneck Squash Cooked,34,1.9,6.8,0.7,2.0,4.5,0.4,39.6,0.7,318.6,72.6,Lunch,Vegetarian,International,None,100 g
Crookneck Squash Raw,24,1.3,4.9,0.3,1.3,4.5,0.047,26.7,0.6,281.9,59.6,Lunch,Vegetarian,International,None,100 g
Croutons,33,1.0,5.9,0.5,0.4,0.0,0.035,6.1,0.3,9.9,14.2,Lunch,Vegetarian,International,None,100 g
Croutons Seasoned,186,4.3,25.4,7.3,2.0,1.8,0.4,38.4,1.1,72.4,78.5,Lunch,Vegetarian,International,None,100 g
Cucumber,23,1.0,5.4,0.2,0.8,2.5,0.061,24.0,0.4,220.5,36.0,Lunch,Vegetarian,International,None,100 g
Cucumber Peeled,16,0.8,2.9,0.2,0.9,1.8,0.098,0.052,0.018,27.9,4.903,Lunch,Vegetarian,International,None,100 g
Cumin Seeds,8,0.4,0.9,0.5,0.2,0.063,0.073,19.6,1.4,37.5,23.2,Lunch,Vegetarian,International,None,100 g
Cupu Assu Oil,120,0.0,0.0,13.6,0.0,0.0,0.0,0.0,0.0,0.0,13.6,Lunch,Vegetarian,International,None,100 g
Cured Beef Dried,4,0.9,0.06,0.019,0.0,0.006,0.049,0.2,0.004,6.6,1.333,Lunch,Non-Vegetarian,International,None,100 g
Curry Powder,20,0.8,3.7,0.9,2.1,0.2,0.004,0.094,0.034,22.0,7.681,Lunch,Vegetarian,International,None,100 g
Cusk Cooked,106,23.1,0.0,0.8,0.0,0.0,0.047,12.4,1.0,477.9,37.306,Lunch,Vegetarian,International,None,100 g
Cusk Raw,106,23.2,0.0,0.8,0.0,0.0,0.086,12.2,1.0,478.2,37.228,Lunch,Vegetarian,International,None,100 g
Cuttlefish Cooked,45,9.2,0.5,0.4,0.0,0.0,0.2,50.9,3.1,180.3,66.521,Lunch,Vegetarian,International,None,100 g
Cuttlefish Raw,22,4.6,0.2,0.2,0.0,0.0,0.1,25.5,1.7,100.2,33.734,Lunch,Vegetarian,International,None,100 g
Daiquiri,112,0.035,4.2,0.036,0.001,3.3,0.008,1.8,0.033,12.6,7.243,Lunch,Vegetarian,International,None,100 g
Dandelion Greens Cooked,35,2.1,6.7,0.6,3.0,1.7,0.3,147.0,1.9,243.6,180.2,Lunch,Vegetarian,International,None,100 g
Dandelion Greens Raw,25,1.5,5.1,0.4,1.9,0.4,0.043,102.9,1.7,218.4,132.8,Lunch,Vegetarian,International,None,100 g
Danish Pastry With Cheese,353,5.8,28.7,24.6,0.0,0.0,0.3,70.1,1.8,116.5,133.666,Breakfast,Vegetarian,International,Milk,100 g
Danish Pastry With Cinnamon,349,4.8,46.9,16.7,0.0,0.0,0.3,37.0,1.8,95.9,109.897,Lunch,Vegetarian,International,None,100 g
Danish Pastry With Fruit,335,4.8,45.1,15.9,0.0,0.0,0.3,21.6,1.4,110.0,90.454,Lunch,Vegetarian,International,None,100 g
Danish Pastry With Nuts,280,4.6,29.7,16.4,1.3,16.8,0.2,61.1,1.2,61.8,115.451,Lunch,Vegetarian,International,None,100 g
Danone Low Fat Alsafi,88,0.0,0.089,1.7,0.0,255.0,0.0,0.0,0.0,0.0,1.743,Lunch,Vegetarian,International,None,100 g
Dar Vida Swiss Original,116,0.0,0.5,3.1,0.0,0.0,0.0,0.0,0.0,0.0,3.6,Lunch,Vegetarian,International,None,100 g
Dark Chocolate,165,1.5,18.0,9.7,2.2,13.8,0.013,0.087,0.3,64.2,31.848,Lunch,Vegetarian,International,None,100 g
Dessert Wine Dry,760,1.0,58.4,0.0,76.5,5.5,0.0,0.0,0.2,45.0,498.8,Lunch,Vegetarian,International,None,100 g
Dessert Wine Sweet,165,0.2,14.1,0.0,0.0,8.0,0.047,8.2,0.2,94.8,22.7,Lunch,Vegetarian,International,None,100 g
Dill Pickled Cucumber,17,0.9,3.7,0.2,1.6,1.9,1.3,60.1,0.5,131.6,68.1,Lunch,Vegetarian,International,None,100 g
Dill Seeds,20,1.1,3.6,1.0,1.4,0.0,0.037,100.1,1.1,78.3,109.7,Lunch,Vegetarian,International,None,100 g
Dill Weed Dried,253,20.0,55.8,4.4,13.6,0.0,0.2,0.0,0.5,543.0,96.0,Lunch,Vegetarian,International,None,100 g
Dill Weed Fresh,4,0.3,0.6,0.063,0.2,0.0,0.017,0.0,0.09,5.9,1.201,Lunch,Vegetarian,International,None,100 g
Dinner Roll,76,2.4,12.9,1.8,1.1,0.5,0.1,49.3,1.0,32.2,68.5,Lunch,Vegetarian,International,None,100 g
Dinner Roll Whole Wheat,74,2.4,14.3,1.3,2.1,2.4,0.1,29.7,0.7,76.2,50.5,Lunch,Vegetarian,International,Gluten,100 g
Dock,29,2.7,4.3,0.9,3.9,0.0,0.025,0.0,0.2,83.8,12.2,Lunch,Vegetarian,International,None,100 g
Dolphinfish Cooked,173,37.7,0.0,1.4,0.0,0.0,0.2,30.2,2.3,847.5,71.625,Lunch,Vegetarian,International,None,100 g
Dolphinfish Raw,173,37.7,0.0,1.4,0.0,0.0,0.2,30.6,2.3,848.6,72.1,Lunch,Vegetarian,International,None,100 g
Donut,192,2.3,22.9,10.3,0.7,0.0,0.2,27.0,0.5,45.9,63.823,Lunch,Vegetarian,International,None,100 g
Donut With Cream Filling,307,5.4,25.5,20.8,0.7,12.4,0.3,21.3,1.6,68.0,75.331,Lunch,Vegetarian,International,None,100 g
Donut With Jelly Filling,289,5.0,33.2,15.9,0.8,17.9,0.4,21.3,1.5,67.2,77.736,Lunch,Vegetarian,International,None,100 g
Double Cheeseburger,643,37.0,41.0,36.9,2.1,9.5,0.9,0.054,0.2,376.2,119.347,Breakfast,Vegetarian,International,Milk,100 g
Double Hamburger,942,52.1,51.4,58.6,5.2,13.2,1.1,0.094,0.4,415.1,169.626,Lunch,Vegetarian,International,None,100 g
Double Whopper Burger King,942,52.1,51.4,58.6,5.2,13.2,1.1,130.9,10.5,718.1,309.4,Lunch,Vegetarian,International,None,100 g
Double Whopper With Cheese Burger King,1061,57.7,53.9,68.1,6.4,14.4,1.5,311.2,21.1,754.1,519.2,Breakfast,Vegetarian,International,Milk,100 g
Dried Tomatoes,5,0.3,1.1,0.053,0.2,0.8,0.069,2.2,0.2,68.5,4.838,Lunch,Vegetarian,International,None,100 g
Dried Tomatoes Canned In Oil,6,0.2,0.7,0.4,0.2,0.0,0.056,1.4,0.057,47.0,6.037,Lunch,Vegetarian,International,None,100 g
Drum Cooked,236,34.6,0.0,9.7,0.0,0.0,0.1,118.6,1.8,543.6,166.292,Lunch,Vegetarian,International,None,100 g
Drum Raw,236,34.7,0.0,9.8,0.0,0.0,0.1,118.8,1.8,544.5,167.2,Lunch,Vegetarian,International,None,100 g
Drumstick Leaves Cooked,25,2.2,4.7,0.4,0.8,0.4,0.1,63.4,1.0,144.5,85.5,Lunch,Vegetarian,International,None,100 g
Drumstick Leaves Raw,13,2.0,1.7,0.3,0.4,0.0,0.071,38.9,0.8,70.8,55.0,Lunch,Vegetarian,International,None,100 g
Drumstick Pods Cooked,42,2.5,9.7,0.2,5.0,0.0,0.3,23.6,0.5,539.3,156.0,Lunch,Vegetarian,International,None,100 g
Drumstick Pods Raw,37,2.1,8.5,0.2,3.2,0.0,0.077,30.0,0.4,461.0,185.4,Lunch,Vegetarian,International,None,100 g
Duck Egg,130,9.0,1.0,9.6,0.0,0.7,0.1,44.8,2.7,155.4,67.2,Breakfast,Non-Vegetarian,International,Egg,100 g
Duck Fat,44,0.0,0.0,5.0,0.0,0.0,0.0,0.0,0.0,0.0,5.0,Lunch,Vegetarian,International,None,100 g
Duck Liver Raw,60,8.2,1.6,2.0,0.0,0.0,0.089,4.8,13.4,101.2,37.3,Lunch,Vegetarian,International,None,100 g
Duck Meat Cooked,472,26.6,0.0,39.7,0.0,0.0,0.041,15.4,3.8,285.6,85.544,Lunch,Vegetarian,International,None,100 g
Duck Meat Raw,5123,145.7,0.0,498.8,0.0,0.0,0.8,139.5,30.4,2650.1,850.5,Lunch,Vegetarian,International,None,100 g
Duck Sauce,80,0.1,19.7,0.063,0.2,9.9,0.1,3.6,0.1,28.3,24.017,Lunch,Vegetarian,International,None,100 g
Dulce De Leche,60,1.3,10.5,1.4,0.0,9.5,0.036,47.7,0.001,66.5,61.415,Lunch,Vegetarian,International,None,100 g
Dungeness Crab Cooked,140,28.3,1.2,1.6,0.0,0.0,0.5,74.9,0.5,518.2,111.171,Lunch,Non-Vegetarian,International,None,100 g
Dungeness Crab Raw,140,28.4,1.2,1.6,0.0,0.0,0.5,75.0,0.6,577.0,112.564,Lunch,Non-Vegetarian,International,None,100 g
Durian,51,0.5,9.5,1.9,1.3,0.0,0.079,0.0,0.094,13.7,13.358,Lunch,Vegetarian,International,None,100 g
Dutch Apple Pie,397,3.0,61.0,15.8,2.2,30.2,0.3,19.2,1.2,104.1,110.281,Snack,Vegetarian,International,None,100 g
Eastern Oyster Canned,110,11.4,6.3,4.0,0.0,0.0,0.2,72.9,10.9,371.0,113.7,Lunch,Vegetarian,International,None,100 g
Eastern Oyster Cooked,8,0.7,0.7,0.2,0.0,0.0,0.038,5.5,0.8,14.9,8.598,Lunch,Vegetarian,International,None,100 g
Eastern Oyster Fried,29,1.3,1.7,1.8,0.0,0.0,0.015,9.1,1.0,35.6,15.5,Lunch,Vegetarian,International,None,100 g
Eastern Oyster Raw,8,0.7,0.8,0.2,0.0,0.0,0.021,6.2,0.8,17.4,9.448,Lunch,Vegetarian,International,None,100 g
Eclair,234,4.4,11.2,19.2,0.4,2.0,0.1,31.5,0.9,63.9,68.0,Lunch,Vegetarian,International,None,100 g
Edam Cheese,107,7.5,0.4,8.3,0.0,0.0,0.3,219.3,0.1,56.4,235.628,Breakfast,Vegetarian,International,Milk,100 g
Edamame Cooked,189,18.5,13.8,8.1,8.1,3.4,0.034,0.041,0.5,262.0,49.248,Lunch,Vegetarian,International,None,100 g
Eel Cooked,67,6.7,0.0,4.2,0.0,0.0,0.069,7.4,0.2,98.8,19.3,Lunch,Vegetarian,International,None,100 g
Eel Raw,375,37.6,0.0,23.8,0.0,0.0,0.1,40.8,1.0,554.9,109.0,Lunch,Vegetarian,International,None,100 g
Egg Bagel,72,2.8,13.8,0.5,0.6,0.0,0.1,3.4,1.0,17.7,22.349,Breakfast,Non-Vegetarian,International,Egg,100 g
Egg Boiled,93,7.5,0.7,6.4,0.0,0.7,0.042,30.0,0.7,75.6,45.338,Breakfast,Non-Vegetarian,International,Egg,100 g
Egg Bread,115,3.8,19.1,2.4,0.9,0.7,0.2,37.2,1.2,46.0,64.622,Breakfast,Non-Vegetarian,International,"Egg, Gluten",100 g
Egg Bread Toasted,117,3.9,19.5,2.4,0.9,0.7,0.2,37.7,1.2,46.6,65.618,Breakfast,Non-Vegetarian,International,"Egg, Gluten",100 g
Egg Cheese Sandwich,340,15.6,25.9,19.4,0.0,0.0,0.8,224.8,3.0,188.3,290.4,Breakfast,Non-Vegetarian,International,"Egg, Milk",100 g
Egg Custard,293,14.2,31.0,12.9,0.0,31.0,0.2,301.7,1.0,417.4,360.9,Breakfast,Non-Vegetarian,International,Egg,100 g
Egg Dinner Roll,107,3.3,18.2,2.2,1.3,1.5,0.2,20.7,1.2,36.4,46.913,Breakfast,Non-Vegetarian,International,Egg,100 g
Egg Dried,30,2.4,0.047,2.2,0.0,0.05,0.06,11.8,0.2,27.0,16.62,Breakfast,Non-Vegetarian,International,Egg,100 g
Egg Drop Soup,65,2.8,10.3,1.5,1.0,0.2,0.9,16.9,0.6,53.0,48.808,Breakfast,Non-Vegetarian,International,Egg,100 g
Egg Fried,90,6.3,0.4,6.8,0.0,0.2,0.043,28.5,0.9,69.9,42.904,Breakfast,Non-Vegetarian,International,Egg,100 g
Egg Large,138,0.0,0.0,9.3,0.0,0.0,0.0,0.0,0.0,0.0,9.3,Breakfast,Non-Vegetarian,International,Egg,100 g
Egg Mcmuffin Mcdonalds,287,17.2,27.3,12.2,1.4,2.7,0.8,0.0,0.1,252.0,58.5,Breakfast,Non-Vegetarian,International,Egg,100 g
Egg Mix,30,2.4,0.098,2.2,0.0,0.091,0.012,0.078,0.055,31.5,4.876,Breakfast,Non-Vegetarian,International,Egg,100 g
Egg Noodles Cooked,110,3.6,20.1,1.7,1.0,0.3,0.027,0.0,0.051,60.8,26.542,Breakfast,Non-Vegetarian,International,Egg,100 g
Egg Noodles Dry,146,5.4,27.1,1.7,1.3,0.7,0.095,13.3,0.7,92.7,49.598,Breakfast,Non-Vegetarian,International,Egg,100 g
Egg Raw,80,7.0,0.4,5.3,0.0,0.2,0.08,31.4,1.0,77.3,45.156,Breakfast,Non-Vegetarian,International,Egg,100 g
Egg Substitute,115,24.0,4.8,0.0,0.0,4.8,0.5,175.2,4.8,511.2,210.0,Breakfast,Non-Vegetarian,International,Egg,100 g
Egg Substitute Powder,126,15.7,6.2,3.7,0.0,6.2,0.2,92.3,0.9,210.6,119.1,Breakfast,Non-Vegetarian,International,Egg,100 g
Egg White Delight Mcdonalds,250,0.0,0.0,16.0,0.0,0.0,0.0,0.0,0.0,0.0,16.0,Breakfast,Non-Vegetarian,International,Egg,100 g
Egg White Dried,26,5.8,0.3,0.087,0.0,0.0,0.052,6.2,0.028,78.1,12.343,Breakfast,Non-Vegetarian,International,Egg,100 g
Egg White Raw,17,3.6,0.2,0.063,0.0,0.2,0.038,2.3,0.045,53.8,6.196,Breakfast,Non-Vegetarian,International,Egg,100 g
Egg Yolk Dried,27,1.3,0.054,2.3,0.0,0.002,0.071,12.3,0.4,10.6,16.368,Breakfast,Non-Vegetarian,International,Egg,100 g
Egg Yolk Raw,55,2.7,0.6,4.5,0.0,0.08,0.006,21.9,0.5,18.5,30.27,Breakfast,Non-Vegetarian,International,Egg,100 g
Eggnog,224,11.6,20.4,10.6,0.0,20.4,0.1,330.2,0.5,419.1,377.2,Breakfast,Non-Vegetarian,International,Egg,100 g
Eggplant Cooked,33,0.8,8.1,0.2,2.5,3.2,0.2,5.9,0.2,121.8,19.0,Breakfast,Non-Vegetarian,International,Egg,100 g
Eggplant Raw,115,4.5,26.9,0.8,13.7,16.2,0.028,41.2,1.1,1048.8,98.3,Breakfast,Non-Vegetarian,International,Egg,100 g
Eisbonbons Mac Iver,23,0.0,0.0,0.0,0.0,0.0,0.0,0.0,0.0,0.0,0.0,Lunch,Vegetarian,International,None,100 g
Elderberries,106,1.0,26.7,0.7,10.2,0.0,0.042,55.1,2.3,406.0,148.2,Lunch,Vegetarian,International,None,100 g
Emu Drums Cooked,649,134.7,0.0,8.4,0.0,0.0,0.5,25.0,30.2,1297.9,198.375,Lunch,Vegetarian,International,None,100 g
Emu Fillet Cooked,607,123.2,0.0,9.1,0.0,0.0,0.2,23.6,18.0,1564.2,173.9,Lunch,Vegetarian,International,None,100 g
Enchilada With Cheese,374,15.4,21.2,25.3,2.6,3.6,0.7,0.0,0.2,367.2,65.6,Breakfast,Vegetarian,International,Milk,100 g
Enchilada With Cheese Beef,323,11.9,30.5,17.6,0.0,0.0,1.3,228.5,3.1,574.1,292.933,Breakfast,Non-Vegetarian,International,Milk,100 g
Enchirito With Cheese Beef Beans,344,17.9,33.8,16.1,0.0,0.0,1.3,218.1,2.4,559.7,292.984,Breakfast,Non-Vegetarian,International,Milk,100 g
Endive,9,0.6,1.7,0.1,1.6,0.1,0.08,26.0,0.4,157.0,33.7,Lunch,Vegetarian,International,None,100 g
Energy Drink Red Bull,111,1.2,26.4,0.0,0.0,26.4,0.1,0.0,0.049,0.0,33.224,Lunch,Vegetarian,International,None,100 g
Energy Drink Sugar Free Red Bull,13,0.6,1.8,0.2,0.0,0.0,0.008,32.5,0.023,7.5,35.19,Lunch,Vegetarian,International,None,100 g
English Muffin,127,5.0,25.5,1.1,2.6,0.9,0.2,101.5,1.6,106.0,137.3,Lunch,Vegetarian,International,None,100 g
English Muffin Mcdonalds,97,5.7,2.9,2.3,0.2,1.5,0.031,0.08,13.1,0.0,24.548,Lunch,Vegetarian,International,None,100 g
English Muffin Toasted,140,5.4,27.4,1.1,1.5,1.8,0.2,102.4,2.4,67.1,141.1,Lunch,Vegetarian,International,None,100 g
English Muffin Whole Wheat,134,5.8,26.7,1.4,4.4,5.3,0.2,174.9,1.6,138.6,214.8,Lunch,Vegetarian,International,Gluten,100 g
English Muffin Whole Wheat Toasted,135,5.9,26.9,1.4,4.5,5.4,0.2,175.7,1.6,139.1,216.0,Lunch,Vegetarian,International,Gluten,100 g
English Muffin With Butter,189,4.9,30.4,5.8,0.0,0.0,0.4,102.7,1.6,69.3,146.209,Breakfast,Vegetarian,International,Milk,100 g
English Muffin With Cheese Sausage,365,14.3,27.3,22.3,0.5,2.1,0.7,226.8,3.4,193.3,294.696,Breakfast,Vegetarian,International,Milk,100 g
English Muffin With Egg Cheese Sausage,472,22.1,28.8,29.9,0.3,2.5,0.8,277.2,4.3,242.6,362.7,Breakfast,Non-Vegetarian,International,"Egg, Milk",100 g
Enoki Mushrooms,1,0.062,0.2,0.099,0.089,0.034,0.084,0.0,0.099,3.2,0.433,Lunch,Vegetarian,International,None,100 g
Epazote,0,0.059,0.094,0.06,0.051,0.0,0.021,0.0,0.067,0.7,0.363,Lunch,Vegetarian,International,None,100 g
Eppaw,150,4.6,31.7,1.8,0.0,0.0,0.015,0.0,0.2,165.0,38.5,Lunch,Vegetarian,International,None,100 g
Escarole Soup,61,3.4,4.0,4.0,0.0,0.0,2.3,71.9,1.7,591.7,95.0,Lunch,Vegetarian,International,None,100 g
Espresso,3,0.021,0.5,0.086,0.0,0.0,0.083,0.6,0.049,34.5,1.263,Lunch,Vegetarian,International,None,100 g
Espresso Decaffeinated,3,0.065,0.5,0.011,0.0,0.0,0.011,0.6,0.087,34.5,1.391,Lunch,Vegetarian,International,None,100 g
Falafel,57,2.3,5.4,3.0,0.0,0.0,0.081,0.0,0.002,32.6,10.763,Lunch,Vegetarian,International,None,100 g
Fava Beans Canned,182,14.0,31.8,0.6,9.5,0.0,1.2,66.6,2.6,619.5,129.7,Lunch,Vegetarian,International,None,100 g
Fava Beans Cooked,187,12.9,33.4,0.7,9.2,3.1,0.081,0.067,0.4,212.5,56.778,Lunch,Vegetarian,International,None,100 g
Fava Beans Raw,512,39.2,87.4,2.3,37.5,8.6,0.1,154.5,10.1,1593.0,333.1,Lunch,Vegetarian,International,None,100 g
Fennel,73,2.9,17.1,0.5,7.3,0.0,0.1,0.1,0.2,117.0,28.2,Lunch,Vegetarian,International,None,100 g
Fennel Seeds,7,0.3,1.0,0.3,0.8,0.0,0.097,23.9,0.4,33.9,27.1,Lunch,Vegetarian,International,None,100 g
Fenugreek Seeds,36,2.6,6.5,0.7,2.7,0.0,0.09,19.5,3.7,85.5,36.0,Lunch,Vegetarian,International,None,100 g
Feta Cheese,80,4.3,1.2,6.4,0.0,0.0,0.3,147.9,0.2,18.6,160.058,Breakfast,Vegetarian,International,Milk,100 g
Figs,37,0.4,9.6,0.2,1.5,8.1,0.049,17.5,0.2,116.0,30.4,Lunch,Vegetarian,International,None,100 g
Figs Canned,14,0.1,3.8,0.039,0.6,3.2,0.049,7.6,0.069,27.8,12.491,Lunch,Vegetarian,International,None,100 g
Figs Dried,21,0.3,5.4,0.008,0.8,4.0,0.091,13.6,0.2,57.1,20.461,Lunch,Vegetarian,International,None,100 g
Filet O Fish Mcdonalds,378,15.1,35.4,19.6,1.9,4.9,0.6,160.8,2.1,294.8,235.3,Lunch,Non-Vegetarian,International,None,100 g
Filinchen Gutena,19,0.4,0.5,0.2,0.0,0.028,0.0,0.0,0.0,0.0,1.1,Lunch,Vegetarian,International,None,100 g
Fireweed Leaves,24,1.1,4.4,0.6,2.4,0.0,0.035,98.7,0.6,113.6,108.3,Lunch,Vegetarian,International,None,100 g
Fish Broth,39,4.9,1.0,1.5,0.0,0.2,0.5,73.2,0.5,209.8,81.193,Lunch,Non-Vegetarian,International,None,100 g
Fish Fillet Fried,211,13.3,15.4,11.2,0.5,0.0,0.5,16.4,1.9,291.2,58.716,Lunch,Non-Vegetarian,International,None,100 g
Fish Sandwich,565,22.6,58.7,27.4,0.0,7.8,1.3,0.0,0.2,255.2,109.3,Lunch,Non-Vegetarian,International,None,100 g
Fish Sandwich With Cheese,374,15.1,35.4,19.6,0.0,4.9,0.6,160.8,2.1,294.8,235.0,Breakfast,Non-Vegetarian,International,Milk,100 g
Fish Sauce,6,0.9,0.7,0.013,0.0,0.7,1.4,7.7,0.1,51.8,9.498,Lunch,Non-Vegetarian,International,None,100 g
Fish Sticks,78,3.1,6.1,4.5,0.4,0.5,0.1,0.089,0.3,53.5,14.563,Lunch,Non-Vegetarian,International,None,100 g
Fish Stock,40,5.3,0.0,1.9,0.0,0.0,0.4,7.0,0.019,335.5,14.488,Lunch,Non-Vegetarian,International,None,100 g
Flaxseed Oil,120,0.086,0.0,13.6,0.0,0.0,0.0,0.1,0.0,0.0,13.729,Lunch,Vegetarian,International,None,100 g
Flaxseeds,55,1.9,3.0,4.3,2.8,0.2,0.035,26.3,0.6,83.7,38.994,Lunch,Vegetarian,International,None,100 g
Florida Pompano Cooked,186,20.8,0.0,10.7,0.0,0.0,0.05,37.8,0.6,559.7,69.911,Lunch,Vegetarian,International,None,100 g
Florida Pompano Raw,184,20.7,0.0,10.6,0.0,0.0,0.081,24.6,0.7,426.7,56.69,Lunch,Vegetarian,International,None,100 g
Flounder Cooked,109,19.4,0.0,3.0,0.0,0.0,0.5,0.1,0.099,392.4,22.622,Lunch,Vegetarian,International,None,100 g
Flounder Raw,114,20.2,0.0,3.1,0.0,0.0,0.5,34.2,0.3,260.8,57.837,Lunch,Vegetarian,International,None,100 g
Flour Tortilla,146,3.9,24.1,3.7,1.2,1.3,0.4,79.9,1.6,65.2,114.4,Lunch,Vegetarian,International,None,100 g
Focaccia,142,5.0,20.4,4.5,1.0,1.0,0.3,20.0,1.8,65.0,52.7,Lunch,Vegetarian,International,None,100 g
Fondant,106,0.0,26.4,0.009,0.0,25.2,0.022,0.8,0.09,1.1,27.396,Lunch,Vegetarian,International,None,100 g
Fontina Cheese,420,27.6,1.7,33.6,0.0,1.7,0.9,594.0,0.2,69.1,657.4,Breakfast,Vegetarian,International,Milk,100 g
French Beans Cooked,228,12.5,42.5,1.3,16.6,0.0,0.003,0.0,0.2,180.5,73.3,Lunch,Vegetarian,International,None,100 g
French Beans Raw,631,34.6,118.0,3.7,46.4,0.0,0.069,342.2,6.3,2421.4,559.7,Lunch,Vegetarian,International,None,100 g
French Cruller Donut,169,1.3,24.4,7.5,0.5,14.4,0.1,10.7,1.0,32.0,45.42,Lunch,Vegetarian,International,None,100 g
French Dressing,73,0.1,2.5,7.2,0.0,2.6,0.1,3.8,0.1,10.7,14.3,Lunch,Vegetarian,International,None,100 g
French Dressing Fat Free,21,0.01,5.1,0.024,0.4,2.6,0.1,0.8,0.081,13.4,6.399,Lunch,Vegetarian,International,None,100 g
French Dressing Reduced Fat,37,0.072,4.7,2.2,0.2,4.6,0.072,1.8,0.1,17.1,9.052,Lunch,Vegetarian,International,None,100 g
French Fries,13,0.2,2.2,0.4,0.2,0.088,0.056,0.8,0.076,36.3,5.362,Lunch,Vegetarian,International,None,100 g
French Fries Burger King,207,2.4,28.6,9.2,2.1,0.4,0.2,0.083,0.005,88.1,42.635,Lunch,Vegetarian,International,None,100 g
French Fries Deep Fried,222,2.4,29.4,10.5,2.7,0.2,0.1,0.075,0.038,88.8,45.364,Lunch,Vegetarian,International,None,100 g
French Fries Mcdonalds,378,4.0,49.8,18.1,4.6,0.2,0.2,0.003,0.1,148.6,77.129,Lunch,Vegetarian,International,None,100 g
French Roll,105,3.3,19.1,1.6,1.2,0.1,0.2,34.6,1.0,43.3,60.8,Lunch,Vegetarian,International,None,100 g
French Toast Sticks,73,1.3,8.9,3.8,0.3,2.1,0.001,11.4,0.4,24.0,26.1,Lunch,Vegetarian,International,None,100 g
French Toast Sticks Burger King,73,1.3,8.7,3.7,0.3,2.1,0.014,11.1,0.4,23.3,25.5,Lunch,Vegetarian,International,None,100 g
French Toast With Butter,178,5.2,18.0,9.4,0.0,0.0,0.3,36.5,0.9,88.4,70.093,Breakfast,Vegetarian,International,Milk,100 g
Fried Rice,228,6.5,43.4,3.2,1.5,0.6,0.6,19.6,1.0,123.2,75.203,Lunch,Vegetarian,International,None,100 g
Frijoles With Cheese,225,11.4,28.7,7.8,0.0,0.0,0.9,188.7,2.2,604.5,240.305,Breakfast,Vegetarian,International,Milk,100 g
Frozen Yogurt,221,5.2,37.6,6.3,0.0,34.7,0.1,174.0,0.8,271.4,225.163,Breakfast,Vegetarian,International,Milk,100 g
Fruchtcocktail Granini,102,0.0,1.0,0.4,0.0,0.0,0.0,0.0,0.0,0.0,1.4,Lunch,Vegetarian,International,None,100 g
Fructose Sweetener,15,0.0,4.2,0.0,0.0,3.9,0.013,0.0,0.067,0.0,4.274,Lunch,Vegetarian,International,None,100 g
Fruit Burrito,231,2.5,35.0,9.5,0.0,0.0,0.2,15.5,1.1,104.3,64.3,Lunch,Vegetarian,International,None,100 g
Fruit Cocktail Canned,109,1.1,28.1,0.053,2.4,25.7,0.059,19.0,0.5,225.2,57.508,Lunch,Vegetarian,International,None,100 g
Fruit Coffeecake,156,2.6,25.8,5.1,1.3,0.0,0.2,22.5,1.2,45.0,58.9,Lunch,Vegetarian,International,None,100 g
Fruit Flavored Water,52,0.0,13.0,0.0,0.0,13.0,0.0,40.3,0.0,0.0,83.471,Lunch,Vegetarian,International,None,100 g
Fruit Fried Pie,404,3.8,54.5,20.6,3.3,27.4,0.4,28.2,1.6,83.2,113.776,Lunch,Vegetarian,International,None,100 g
Fruit Granola Bar,82,1.4,18.6,0.2,1.8,13.3,0.028,0.7,1.0,52.8,24.1,Lunch,Vegetarian,International,None,100 g
Fruit Jam,56,0.0,13.8,0.095,0.2,9.7,0.052,4.0,0.07,15.4,19.919,Lunch,Vegetarian,International,None,100 g
Fruit Juice,108,0.3,26.3,0.1,0.2,24.2,0.1,0.0,0.039,14.0,26.937,Lunch,Vegetarian,International,None,100 g
Fruit Juice Bar,67,0.9,15.6,0.089,0.8,13.5,0.011,3.9,0.1,40.8,28.671,Lunch,Vegetarian,International,None,100 g
Fruit Leather,52,0.029,12.0,0.4,0.0,6.9,0.0,4.5,0.1,41.2,33.811,Lunch,Vegetarian,International,None,100 g
Fruit N Yogurt Parfait Mcdonalds,156,4.1,30.9,1.9,1.5,19.1,0.065,128.1,0.7,248.8,187.9,Breakfast,Vegetarian,International,Milk,100 g
Fruit Nut Squares,55,0.3,10.3,1.3,0.3,6.4,0.086,2.4,0.1,11.5,14.762,Lunch,Vegetarian,International,None,100 g
Fruit Punch,98,0.2,24.4,0.4,0.0,0.0,0.08,16.4,0.5,154.4,53.1,Lunch,Vegetarian,International,None,100 g
Fruit Salad Canned,125,1.3,32.5,0.008,2.5,0.0,0.069,27.4,0.6,288.8,72.531,Lunch,Vegetarian,International,None,100 g
Fruit Toaster Pastry,209,2.4,37.1,5.6,0.5,14.8,0.2,5.6,2.0,41.3,53.4,Lunch,Vegetarian,International,None,100 g
Fruit Walnut Salad Mcdonalds,312,4.8,43.8,13.3,0.0,32.9,0.017,171.6,0.9,0.0,618.0,Snack,Vegetarian,International,Tree Nuts,100 g
Fruit Yogurt,149,6.0,28.0,1.7,0.0,28.0,0.013,207.0,0.066,265.5,243.671,Breakfast,Vegetarian,International,Milk,100 g
Fruitcake,139,1.2,26.5,3.9,1.6,11.8,0.013,14.2,0.9,65.8,48.507,Lunch,Vegetarian,International,None,100 g
Frybread,502,10.2,73.4,18.6,0.0,3.1,0.5,86.6,6.1,117.0,194.9,Lunch,Vegetarian,International,None,100 g
Full Throttle Coca Cola,110,0.6,29.0,0.2,0.0,29.0,0.071,31.2,0.037,7.2,61.049,Lunch,Vegetarian,International,None,100 g
Fume Blanc White Wine,121,0.1,3.3,0.0,15.4,0.0,0.0,0.0,0.0,0.0,146.7,Lunch,Vegetarian,International,None,100 g
Fusilli Cucina,100,0.0,3.4,0.4,0.0,0.041,0.0,0.0,0.0,0.0,3.8,Lunch,Vegetarian,International,None,100 g
Gamay Red Wine,115,0.1,3.5,0.0,14.4,0.0,0.0,0.0,0.0,0.0,146.6,Lunch,Vegetarian,International,None,100 g
Garden Cress Cooked,31,2.6,5.1,0.8,0.9,4.2,0.3,82.4,1.1,476.6,124.0,Lunch,Vegetarian,International,None,100 g
Garden Cress Raw,3,0.2,0.5,0.062,0.063,0.4,0.079,0.04,0.009,6.8,0.886,Lunch,Vegetarian,International,None,100 g
Garlic,4,0.2,0.9,0.026,0.064,0.043,0.018,0.003,0.069,4.3,1.253,Lunch,Vegetarian,International,None,100 g
Garlic Bread,151,3.6,17.9,7.1,1.1,1.6,0.2,11.6,1.3,44.3,42.646,Breakfast,Vegetarian,International,Gluten,100 g
Garlic Powder,10,0.5,2.3,0.029,0.3,0.068,0.082,0.008,0.003,12.8,3.269,Lunch,Vegetarian,International,None,100 g
Gatorade G2 Pepsi,2,0.069,0.6,0.052,0.0,0.4,0.011,0.0,0.0,3.8,0.69,Lunch,Vegetarian,International,None,100 g
Gatto Di Patate Home Made,202,0.0,4.0,9.4,0.0,3.6,0.0,0.0,0.0,0.0,13.4,Lunch,Vegetarian,International,None,100 g
Gazpacho Soup,70,10.7,6.6,0.4,0.7,2.2,1.1,36.9,1.5,339.5,67.5,Lunch,Vegetarian,International,None,100 g
Gelatin Dessert,167,3.3,38.3,0.0,0.0,36.4,0.2,8.1,0.094,2.7,49.792,Lunch,Vegetarian,International,None,100 g
Gelatin Powder,17,4.3,0.0,0.086,0.0,0.0,0.029,2.8,0.099,0.8,7.255,Lunch,Vegetarian,International,None,100 g
General Tsos Chicken,1578,69.0,128.3,87.5,4.8,62.1,2.3,64.2,6.2,1075.4,368.673,Lunch,Non-Vegetarian,International,None,100 g
Gewurztraminer White Wine,119,0.1,3.8,0.0,0.0,0.0,0.0,0.0,0.0,0.0,3.9,Lunch,Vegetarian,International,None,100 g
Gin,53,0.0,0.0,0.0,0.0,0.0,0.029,0.0,0.0,0.0,0.0,Lunch,Vegetarian,International,None,100 g
Ginger Ale,68,0.0,17.5,0.0,0.0,17.4,0.043,0.0,0.024,0.0,17.528,Lunch,Vegetarian,International,None,100 g
Ginger Ground,6,0.2,1.3,0.043,0.3,0.067,0.038,2.1,0.4,23.8,4.327,Lunch,Vegetarian,International,None,100 g
Ginger Root,2,0.068,0.4,0.028,0.058,0.019,0.0,0.3,0.061,8.3,1.028,Lunch,Vegetarian,International,None,100 g
Gingerbread,263,2.9,36.4,12.1,0.0,0.0,0.2,52.5,2.1,324.9,106.123,Lunch,Vegetarian,International,None,100 g
Gingersnap Cookies,29,0.4,5.4,0.7,0.2,1.4,0.012,5.4,0.4,24.2,12.5,Lunch,Vegetarian,International,None,100 g
Ginkgo Nuts Canned,172,3.5,34.3,2.5,14.4,0.0,0.5,6.2,0.4,279.0,75.4,Lunch,Vegetarian,International,None,100 g
Ginkgo Nuts Dried,98,2.9,20.5,0.6,0.0,0.0,0.045,5.7,0.5,282.4,38.5,Lunch,Vegetarian,International,None,100 g
Ginkgo Nuts Raw,52,1.2,10.6,0.5,0.0,0.0,0.067,0.6,0.3,144.3,17.4,Lunch,Vegetarian,International,None,100 g
Gjetost Cheese,1058,21.9,96.8,67.0,0.0,0.0,1.4,908.0,1.2,3198.4,1095.7,Breakfast,Vegetarian,International,Milk,100 g
Glazed Donut,55,0.8,6.2,3.0,0.3,3.0,0.082,13.1,0.3,13.3,23.931,Lunch,Vegetarian,International,None,100 g
Glucerna Abbott,1010,0.0,120.9,35.6,12.8,49.8,0.0,0.0,0.0,0.0,169.3,Lunch,Vegetarian,International,None,100 g
Glutinous White Rice Cooked,169,3.5,36.7,0.3,1.7,0.078,0.027,3.5,0.2,17.4,45.9,Lunch,Vegetarian,International,None,100 g
Glutinous White Rice Raw,685,12.6,151.1,1.0,5.2,0.0,0.015,20.4,3.0,142.5,193.3,Lunch,Vegetarian,International,None,100 g
Goat Cheese,103,6.1,0.009,8.4,0.0,0.031,0.1,84.3,0.5,44.7,99.494,Breakfast,Vegetarian,International,Milk,100 g
Goat Cheese Hard,128,8.6,0.6,10.1,0.0,0.6,0.076,253.3,0.5,13.6,273.2,Breakfast,Vegetarian,International,Milk,100 g
Goat Cheese Soft,75,5.2,0.0,6.0,0.0,0.3,0.1,39.6,0.5,7.4,51.311,Breakfast,Vegetarian,International,Milk,100 g
Goat Meat Raw,494,93.4,0.0,10.5,0.0,0.0,0.4,59.0,12.8,1746.4,175.7,Lunch,Vegetarian,International,None,100 g
Golden Delicious Apple,62,0.3,14.8,0.2,2.6,10.9,0.034,0.043,0.035,10.9,18.014,Snack,Vegetarian,International,None,100 g
Golden Raisins,498,5.6,131.2,0.8,6.6,97.7,0.001,87.5,3.0,1230.9,240.0,Lunch,Vegetarian,International,None,100 g
Goose Fat,45,0.0,0.0,5.0,0.0,0.0,0.0,0.0,0.0,0.0,5.0,Lunch,Vegetarian,International,None,100 g
Goose Liver,125,15.4,5.9,4.0,0.0,0.0,0.1,40.4,28.7,216.2,107.4,Lunch,Vegetarian,International,None,100 g
Goose Meat Cooked,427,35.2,0.0,30.7,0.0,0.0,0.089,18.2,4.0,460.6,88.168,Lunch,Vegetarian,International,None,100 g
Goose Meat Raw,6077,259.8,0.0,550.7,0.0,0.0,1.2,196.6,41.0,5045.0,1117.2,Lunch,Vegetarian,International,None,100 g
Gooseberries,66,1.3,15.3,0.9,6.5,0.0,0.074,0.0,0.1,40.5,24.2,Lunch,Vegetarian,International,None,100 g
Gooseberries Canned,184,1.6,47.3,0.5,6.0,0.0,0.097,40.3,0.8,194.0,121.7,Lunch,Vegetarian,International,None,100 g
Gouda Cheese,100,7.0,0.6,7.7,0.0,0.6,0.2,196.0,0.06,33.9,211.424,Breakfast,Vegetarian,International,Milk,100 g
Gourd Cooked,100,1.2,25.5,0.6,5.2,9.2,0.065,0.03,0.2,55.2,32.903,Lunch,Vegetarian,International,None,100 g
Gourd Raw,19,1.1,4.1,0.2,1.0,1.9,0.03,0.047,0.016,30.4,6.584,Lunch,Vegetarian,International,None,100 g
Graham Cracker Pie Crust,917,9.3,117.7,45.4,3.5,33.2,0.9,53.1,4.8,206.8,233.8,Lunch,Vegetarian,International,None,100 g
Graham Crackers,355,5.8,64.5,8.5,2.4,26.1,0.4,20.2,3.1,113.4,104.5,Lunch,Vegetarian,International,None,100 g
Granola,293,8.2,32.3,14.6,5.3,11.9,0.01,45.6,2.4,323.4,109.142,Lunch,Vegetarian,International,None,100 g
Granola Bar,99,2.1,13.5,4.2,1.1,6.0,0.084,12.8,0.6,70.6,34.5,Lunch,Vegetarian,International,None,100 g
Granola Bites,23,0.4,3.3,0.9,0.3,1.5,0.067,0.015,0.074,10.8,5.042,Lunch,Vegetarian,International,None,100 g
Granulated Sugar,16,0.0,4.2,0.0,0.0,4.2,0.019,0.027,0.01,0.033,4.253,Lunch,Vegetarian,International,None,100 g
Grape Apple Salad With Walnuts,191,3.5,25.6,8.2,3.6,20.3,0.087,70.1,0.5,264.1,119.357,Snack,Vegetarian,International,Tree Nuts,100 g
Grape Juice,152,0.9,37.4,0.3,0.5,35.9,0.003,27.8,0.6,263.1,67.8,Lunch,Vegetarian,International,None,100 g
Grape Leaves,13,0.8,2.4,0.3,1.5,0.9,0.005,50.8,0.4,38.1,57.8,Lunch,Vegetarian,International,None,100 g
Grape Leaves Canned,20,1.2,3.3,0.6,2.8,0.0,0.8,81.8,0.8,8.2,93.7,Lunch,Vegetarian,International,None,100 g
Grape Soda,160,0.0,41.7,0.0,0.0,0.0,0.042,11.2,0.3,3.7,53.2,Lunch,Vegetarian,International,None,100 g
Grapefruit,53,1.0,13.3,0.2,2.0,8.6,0.0,0.0,0.087,22.5,16.592,Lunch,Vegetarian,International,None,100 g
Grapefruit Canned,88,1.4,22.3,0.2,1.0,21.4,0.091,36.6,1.0,322.1,115.7,Lunch,Vegetarian,International,None,100 g
Grapefruit Juice,96,1.2,22.7,0.2,0.0,0.0,0.061,0.0,0.004,37.1,24.254,Lunch,Vegetarian,International,None,100 g
Grapes,3,0.045,0.9,0.044,0.087,0.8,0.009,0.5,0.012,9.4,1.83,Snack,Vegetarian,International,None,100 g
Grapes Canned,98,1.2,25.2,0.3,1.5,23.8,0.022,24.5,2.4,262.2,57.6,Snack,Vegetarian,International,None,100 g
Grapeseed Oil,120,0.0,0.0,13.6,0.0,0.0,0.0,0.0,0.0,0.0,13.6,Snack,Vegetarian,International,None,100 g
Gravy Dry,86,3.3,14.5,2.0,0.0,0.0,1.4,37.5,0.3,65.5,59.4,Lunch,Vegetarian,International,None,100 g
Greek Yogurt,100,17.3,6.1,0.7,0.0,5.5,0.081,187.0,0.1,239.7,211.251,Breakfast,Vegetarian,International,Milk,100 g
Green Chili Pepper,18,0.9,4.3,0.097,0.7,2.3,0.023,0.017,0.059,20.7,6.188,Lunch,Vegetarian,International,None,100 g
Green Goddess Dressing,64,0.3,1.1,6.5,0.094,1.0,0.1,5.1,0.067,8.7,13.2,Lunch,Vegetarian,International,None,100 g
Green Lettuce,23,2.0,4.3,0.2,2.0,1.2,0.05,0.2,0.012,43.5,8.829,Lunch,Vegetarian,International,None,100 g
Green Olives Pickled,4,0.073,0.1,0.4,0.057,0.051,0.1,0.072,0.071,0.1,0.801,Lunch,Vegetarian,International,None,100 g
Green Pea Soup,320,16.7,51.7,5.7,10.0,16.7,1.7,53.8,3.8,371.2,145.005,Lunch,Vegetarian,International,None,100 g
Green Peppers Canned,15,0.7,3.7,0.074,0.9,2.3,0.9,5.1,0.4,136.5,60.468,Lunch,Vegetarian,International,None,100 g
Green Soybean Cooked,127,11.1,9.9,5.8,3.8,0.0,0.2,0.0,0.1,142.2,30.78,Lunch,Vegetarian,International,Soy,100 g
Green Soybean Raw,376,33.2,28.3,17.4,10.8,0.0,0.017,504.3,9.1,1587.2,677.3,Lunch,Vegetarian,International,Soy,100 g
Green Tomato,42,2.2,9.3,0.4,2.0,7.3,0.055,23.7,0.9,371.3,81.1,Lunch,Vegetarian,International,None,100 g
Green Turtle Raw,25,5.6,0.0,0.1,0.0,0.0,0.099,33.4,0.4,65.1,39.567,Lunch,Vegetarian,International,None,100 g
Greenland Halibut Cooked,760,58.6,0.0,56.4,0.0,0.0,0.3,12.7,2.7,1093.9,130.404,Lunch,Vegetarian,International,None,100 g
Greenland Halibut Raw,759,58.6,0.0,56.5,0.0,0.0,0.3,12.2,2.7,1093.4,130.06,Lunch,Vegetarian,International,None,100 g
Grenadine,54,0.0,13.4,0.0,0.0,9.3,0.038,1.2,0.011,5.6,14.63,Lunch,Vegetarian,International,None,100 g
Grilled Chicken Sandwich Wendys,370,0.0,0.0,8.0,0.0,0.0,0.0,0.0,0.0,0.0,8.0,Lunch,Non-Vegetarian,International,None,100 g
Ground Beef Cooked,375,35.5,0.0,24.8,0.0,0.0,0.1,0.052,0.1,280.8,62.697,Lunch,Non-Vegetarian,International,None,100 g
Ground Beef Raw,1506,65.1,0.0,136.1,0.0,0.0,0.3,108.9,7.4,988.8,317.5,Lunch,Non-Vegetarian,International,None,100 g
Ground Bison Cooked,448,63.6,0.0,21.6,0.0,0.0,0.2,35.0,8.0,882.5,128.2,Lunch,Vegetarian,International,None,100 g
Ground Bison Raw,124,17.2,0.099,6.1,0.0,0.0,0.042,9.4,2.4,278.8,35.102,Lunch,Vegetarian,International,None,100 g
Ground Chicken Cooked,474,58.4,0.0,27.4,0.0,0.0,0.2,0.044,0.2,587.3,87.678,Lunch,Non-Vegetarian,International,None,100 g
Ground Emu Cooked,178,31.0,0.0,5.1,0.0,0.0,0.025,0.044,0.3,293.2,37.595,Lunch,Vegetarian,International,None,100 g
Ground Emu Raw,157,26.6,0.0,4.7,0.0,0.0,0.062,8.2,4.7,374.4,44.2,Lunch,Vegetarian,International,None,100 g
Ground Lamb Cooked,886,77.5,0.0,61.5,0.0,0.0,0.3,68.9,5.6,1061.1,213.5,Lunch,Non-Vegetarian,International,None,100 g
Ground Lamb Raw,80,4.7,0.0,6.6,0.0,0.0,0.05,4.5,0.4,62.8,16.2,Lunch,Non-Vegetarian,International,None,100 g
Ground Ostrich Cooked,163,24.3,0.0,6.6,0.0,0.0,0.099,0.0,0.1,208.3,31.712,Lunch,Vegetarian,International,None,100 g
Ground Ostrich Raw,180,22.0,0.0,9.5,0.0,0.0,0.021,7.6,3.2,317.2,42.3,Lunch,Vegetarian,International,None,100 g
Ground Pork Cooked,930,80.4,0.0,65.0,0.0,0.0,0.2,68.9,4.0,1133.1,220.513,Lunch,Non-Vegetarian,International,None,100 g
Ground Pork Raw,329,21.1,0.0,26.5,0.0,0.0,0.033,17.5,1.1,358.8,67.15,Lunch,Non-Vegetarian,International,None,100 g
Ground Turkey Raw,169,22.4,0.0,8.7,0.0,0.0,0.047,21.7,1.2,270.2,54.095,Lunch,Non-Vegetarian,International,None,100 g
Ground Veal Cooked,514,72.9,0.0,22.6,0.0,0.0,0.2,50.8,3.0,1007.6,149.3,Lunch,Vegetarian,International,None,100 g
Ground Veal Raw,41,5.5,0.0,1.9,0.0,0.0,0.029,4.2,0.2,89.1,11.8,Lunch,Vegetarian,International,None,100 g
Groundcherries,74,2.7,15.7,1.0,0.0,0.0,0.0,12.6,1.4,0.0,48.8,Lunch,Vegetarian,International,None,100 g
Grouper Cooked,238,50.2,0.0,2.6,0.0,0.0,0.1,42.4,2.3,959.5,97.6,Lunch,Vegetarian,International,None,100 g
Grouper Raw,238,50.2,0.0,2.6,0.0,0.0,0.1,69.9,2.3,1251.0,125.1,Lunch,Vegetarian,International,None,100 g
Gruyere Cheese,116,8.3,0.1,9.1,0.0,0.1,0.2,283.1,0.094,22.7,300.694,Breakfast,Vegetarian,International,Milk,100 g
Guanabana Nectar,148,0.3,37.5,0.4,0.3,32.8,0.061,17.6,0.9,62.8,84.9,Lunch,Vegetarian,International,None,100 g
Guava,37,1.4,7.9,0.5,3.0,4.9,0.056,0.019,0.1,22.0,12.956,Lunch,Vegetarian,International,None,100 g
Guava Nectar,158,0.2,40.8,0.2,2.5,32.5,0.063,0.087,0.055,5.0,43.83,Lunch,Vegetarian,International,None,100 g
Guava Sauce Cooked,86,0.8,22.6,0.3,8.6,14.0,0.017,16.7,0.4,535.5,397.8,Lunch,Vegetarian,International,None,100 g
Gum Drops,18,0.0,4.4,0.042,0.0,3.5,0.008,0.0,0.0,0.0,4.418,Lunch,Vegetarian,International,None,100 g
Gushers Fruit Gushers,360,0.0,0.2,6.0,0.0,0.0,0.0,0.0,0.0,0.0,6.2,Lunch,Vegetarian,International,None,100 g
Haddock Cooked,135,30.0,0.0,0.8,0.0,0.0,0.4,21.0,0.3,526.5,52.159,Lunch,Vegetarian,International,None,100 g
Haddock Raw,143,31.5,0.0,0.9,0.0,0.0,0.4,21.2,0.3,552.0,53.952,Lunch,Vegetarian,International,None,100 g
Haddock Smoked,33,7.1,0.0,0.3,0.0,0.0,0.2,13.9,0.4,117.4,21.719,Lunch,Vegetarian,International,None,100 g
Halavah,328,8.7,42.3,15.1,3.2,0.0,0.1,23.1,3.2,130.9,95.618,Lunch,Vegetarian,International,None,100 g
Halibut Cooked,353,71.7,0.0,5.1,0.0,0.0,0.3,0.0,0.095,912.7,78.934,Lunch,Vegetarian,International,None,100 g
Halibut Raw,371,75.7,0.0,5.4,0.0,0.0,0.3,28.6,0.7,1774.8,110.481,Lunch,Vegetarian,International,None,100 g
Ham,46,4.6,1.0,2.5,0.4,0.3,0.2,6.7,0.3,80.4,16.6,Lunch,Vegetarian,International,None,100 g
Ham And Cheese Spread,37,2.4,0.3,2.8,0.0,0.0,0.2,32.6,0.1,24.3,38.238,Breakfast,Vegetarian,International,Milk,100 g
Ham Cheese Roll,67,3.8,1.1,5.2,0.0,0.0,0.3,16.2,0.3,82.3,26.6,Breakfast,Vegetarian,International,Milk,100 g
Ham Cheese Sandwich,352,20.7,33.3,15.5,0.0,0.0,0.8,129.9,3.2,290.5,205.416,Breakfast,Vegetarian,International,Milk,100 g
Ham Egg Cheese Sandwich,347,19.2,30.9,16.3,0.0,0.0,1.0,211.6,3.1,210.2,284.0,Breakfast,Non-Vegetarian,International,"Egg, Milk",100 g
Ham Extra Lean,45,5.1,0.6,2.3,0.0,0.0,0.4,2.0,0.3,83.2,10.3,Lunch,Vegetarian,International,None,100 g
Ham Patties,205,8.3,1.1,18.3,0.0,0.0,0.7,5.2,0.7,155.4,33.6,Lunch,Vegetarian,International,None,100 g
Ham Patties Grilled,205,8.0,1.0,18.5,0.0,0.0,0.6,5.4,1.0,146.4,33.9,Lunch,Vegetarian,International,None,100 g
Ham Raw,266,23.8,0.046,18.2,0.0,0.0,1.5,8.4,1.2,442.4,51.697,Lunch,Vegetarian,International,None,100 g
Ham Roasted,316,28.7,0.6,21.3,0.0,0.0,1.3,11.2,1.9,499.8,83.3,Lunch,Vegetarian,International,None,100 g
Ham Salad,97,3.9,4.8,7.0,0.0,0.0,0.5,3.6,0.3,67.5,19.6,Lunch,Vegetarian,International,None,100 g
Ham Steak,70,11.1,0.0,2.4,0.0,0.0,0.7,2.3,0.6,185.3,34.8,Lunch,Vegetarian,International,None,100 g
Hamburger,255,12.9,28.7,9.9,1.7,5.8,0.5,0.068,0.027,106.7,53.859,Lunch,Vegetarian,International,None,100 g
Hamburger Burger King,258,14.7,26.5,10.4,2.0,5.5,0.5,0.049,0.1,124.7,54.28,Lunch,Vegetarian,International,None,100 g
Hamburger Mcdonalds,251,12.3,28.8,9.6,1.2,5.7,0.5,0.0,0.049,101.7,52.357,Lunch,Vegetarian,International,None,100 g
Hand Breaded Chicken Tenders Carls Jr,57,0.0,0.2,2.9,0.0,0.0,0.0,0.0,0.0,0.0,3.1,Breakfast,Non-Vegetarian,International,Gluten,100 g
Hanfprotein Pulver Rohkostqualitat Veganz,107,0.0,14.2,3.1,0.0,0.057,0.0,0.0,0.0,0.0,17.3,Lunch,Vegetarian,International,None,100 g
Hard Candy,24,0.0,5.9,0.067,0.0,3.8,0.021,0.2,0.038,0.3,6.182,Lunch,Vegetarian,International,None,100 g
Hash Brown Potato,144,1.4,15.3,9.0,1.4,0.3,0.3,0.069,0.004,51.9,27.245,Lunch,Vegetarian,International,None,100 g
Hazelnut Oil,120,0.0,0.0,13.6,0.0,0.0,0.0,0.0,0.0,0.0,13.6,Lunch,Vegetarian,International,None,100 g
Hazelnuts Blanched,178,3.9,4.8,17.3,3.1,1.0,0.0,42.2,0.9,186.2,72.8,Lunch,Vegetarian,International,None,100 g
Hazelnuts Raw,471,11.2,12.5,45.6,7.3,3.3,0.0,85.5,3.5,510.0,170.3,Lunch,Vegetarian,International,None,100 g
Hazelnuts Roasted,194,4.5,5.3,18.7,2.8,1.5,0.0,36.9,1.3,226.5,70.6,Lunch,Vegetarian,International,None,100 g
Hearts Of Palm,9,0.8,1.5,0.2,0.8,0.0,0.1,19.1,1.0,58.4,26.0,Lunch,Vegetarian,International,None,100 g
Heidelbeeren Jutro,17,0.0,0.4,0.2,0.0,0.0,0.0,0.0,0.0,0.0,0.6,Lunch,Vegetarian,International,None,100 g
Herb Tea,2,0.0,0.4,0.0,0.0,0.0,0.064,4.0,0.2,18.0,4.6,Lunch,Vegetarian,International,None,100 g
Herring Cooked,290,32.9,0.0,16.6,0.0,0.0,0.2,105.8,2.0,599.2,158.304,Lunch,Vegetarian,International,None,100 g
Herring Fish Oil,123,0.0,0.0,13.6,0.0,0.0,0.0,0.0,0.0,0.0,13.6,Lunch,Non-Vegetarian,International,None,100 g
Herring Kippered,87,9.8,0.0,4.9,0.0,0.0,0.4,33.6,0.6,178.8,49.314,Lunch,Vegetarian,International,None,100 g
Herring Raw,291,33.0,0.0,16.6,0.0,0.0,0.2,104.9,2.0,601.7,157.898,Lunch,Vegetarian,International,None,100 g
Hibiscus Tea,74,0.9,14.8,1.3,0.6,12.0,0.091,2.0,17.3,18.0,73.7,Lunch,Vegetarian,International,None,100 g
Hickorynuts Dried,788,15.3,21.9,77.2,7.7,0.0,0.053,73.2,2.5,523.2,200.2,Lunch,Vegetarian,International,None,100 g
High Protein Bread Dr Zaks,152,0.0,15.3,3.0,0.0,0.6,0.0,0.0,0.0,0.0,18.3,Breakfast,Vegetarian,International,Gluten,100 g
Hoisin Sauce,35,0.5,7.1,0.5,0.4,4.4,0.3,5.1,0.2,19.0,13.882,Lunch,Vegetarian,International,None,100 g
Hominy Canned,119,2.4,23.5,1.5,4.1,3.0,0.6,16.5,1.0,14.9,49.0,Lunch,Vegetarian,International,None,100 g
Honey,64,0.08,17.3,0.0,0.025,17.2,0.011,1.3,0.017,10.9,18.892,Lunch,Vegetarian,International,None,100 g
Honey Cereali General Mills,104,0.0,3.0,2.0,0.0,0.0,0.0,0.0,0.0,0.0,5.0,Breakfast,Vegetarian,International,None,100 g
Honey Loaf,85,9.9,2.6,3.6,0.0,2.6,0.4,30.8,0.6,224.6,47.5,Lunch,Vegetarian,International,None,100 g
Honey Mustard Dressing,70,0.1,3.5,6.1,0.057,2.4,0.019,1.8,0.07,3.0,11.752,Lunch,Vegetarian,International,None,100 g
Honey Mustard Dressing Fat Free,25,0.2,5.8,0.2,0.2,2.7,0.2,3.6,0.053,10.4,10.426,Lunch,Vegetarian,International,None,100 g
Honey Smoked Ham Cooked,67,9.9,4.0,1.3,0.0,0.0,0.5,3.3,0.2,90.8,19.0,Lunch,Vegetarian,International,None,100 g
Honeydew Melon,64,1.0,16.1,0.2,1.4,14.4,0.062,10.6,0.3,403.6,61.5,Lunch,Vegetarian,International,None,100 g
Horchata,15,0.1,3.3,0.2,0.0,2.6,0.013,5.1,0.057,9.6,8.717,Lunch,Vegetarian,International,None,100 g
Horned Melon Kiwano,92,3.7,15.8,2.6,0.0,0.0,0.095,27.2,2.4,257.1,62.8,Lunch,Vegetarian,International,None,100 g
Horseradish,2,0.003,0.6,0.085,0.2,0.4,0.039,0.027,0.052,1.6,1.133,Lunch,Vegetarian,International,None,100 g
Hot Chile Pepper Dried,2,0.054,0.3,0.054,0.1,0.2,0.041,0.2,0.062,9.4,1.07,Lunch,Vegetarian,International,None,100 g
Hot Sour Soup,91,6.0,10.1,2.8,1.2,1.0,0.9,44.3,1.5,128.2,65.954,Lunch,Vegetarian,International,None,100 g
Hotcakes Mcdonalds,113,3.0,19.0,2.9,0.7,4.4,0.2,41.7,0.9,85.8,68.2,Lunch,Vegetarian,International,None,100 g
Hotcakes Sausage Mcdonalds,776,15.5,102.4,34.9,2.1,45.7,0.9,134.6,3.2,390.7,292.7,Lunch,Vegetarian,International,None,100 g
Hotcakes With Syrup Mcdonalds,601,9.0,101.8,17.8,2.0,45.5,0.6,126.0,2.8,276.3,259.4,Lunch,Vegetarian,International,None,100 g
Hotdog,383,16.4,28.5,23.0,0.0,0.0,1.1,37.2,3.7,226.3,109.0,Lunch,Vegetarian,International,None,100 g
Hotdog Roll,117,4.1,21.1,1.6,0.8,3.1,0.2,0.008,0.095,42.4,27.796,Lunch,Vegetarian,International,None,100 g
Hotdog With Chili,296,13.5,31.3,13.4,0.0,0.0,0.5,19.4,3.3,166.4,83.6,Lunch,Vegetarian,International,None,100 g
Hubbard Squash Cooked,57,2.8,12.3,0.7,5.5,5.6,0.5,0.029,0.095,26.6,21.554,Lunch,Vegetarian,International,None,100 g
Hubbard Squash Raw,46,2.3,10.1,0.6,4.5,4.6,0.094,0.086,0.033,24.4,17.795,Lunch,Vegetarian,International,None,100 g
Hummus,435,12.0,49.5,21.1,9.8,0.7,0.6,120.5,3.8,425.6,236.1,Lunch,Vegetarian,International,None,100 g
Hungarian Pepper,8,0.2,1.8,0.1,0.3,1.0,0.028,3.2,0.1,54.5,30.8,Lunch,Vegetarian,International,None,100 g
Hushpuppies,512,11.7,69.9,20.5,4.3,3.1,1.0,422.6,4.6,218.9,533.994,Lunch,Vegetarian,International,None,100 g
Hyacinth Beans Cooked,227,15.8,40.2,1.1,0.0,0.0,0.0,0.0,0.7,232.8,191.981,Lunch,Vegetarian,International,None,100 g
Hyacinth Beans Raw,722,50.2,127.6,3.5,53.8,0.0,0.073,273.0,10.7,2593.5,518.8,Lunch,Vegetarian,International,None,100 g
Ice Tea Lemon Flavor Nestle,88,0.0,22.3,0.0,0.0,22.3,0.063,7.4,0.0,46.6,29.7,Lunch,Vegetarian,International,None,100 g
Iceberg Lettuce,8,0.5,1.7,0.045,0.7,1.1,0.022,0.079,0.033,11.4,3.064,Lunch,Vegetarian,International,None,100 g
Indian Squash Cooked,38,0.7,7.6,0.4,3.5,4.7,0.0,0.0,0.0,0.0,12.2,Lunch,Vegetarian,International,None,100 g
Instant Cappuccino Powder,53,0.4,11.2,0.7,0.2,9.0,0.074,17.3,0.036,108.0,29.908,Lunch,Vegetarian,International,None,100 g
Instant Coffee Powder,353,12.2,75.4,0.5,0.0,0.0,0.051,141.0,4.4,3535.0,233.5,Lunch,Vegetarian,International,None,100 g
Instant Coffee Powder Decaffeinated,6,0.2,1.4,0.069,0.0,0.0,0.09,2.5,0.056,63.0,4.121,Lunch,Vegetarian,International,None,100 g
Instant Coffee With Water,4,0.2,0.6,0.0,0.0,0.0,0.015,7.2,0.015,53.7,8.027,Lunch,Vegetarian,International,None,100 g
Instant Coffee With Water Decaffeinated,4,0.2,0.8,0.0,0.0,0.0,0.093,7.2,0.042,64.4,8.247,Lunch,Vegetarian,International,None,100 g
Instant Lemon Tea,2,0.1,0.3,0.0,0.0,0.047,0.046,0.0,0.026,2.0,0.494,Lunch,Vegetarian,International,None,100 g
Instant Lemon Tea Sweetened,91,0.071,22.3,0.2,0.3,21.6,0.089,5.2,0.0,38.9,28.147,Lunch,Vegetarian,International,None,100 g
Instant White Rice Cooked,193,3.6,41.4,0.8,1.0,0.0,0.001,13.2,2.9,14.9,62.9,Lunch,Vegetarian,International,None,100 g
Instant White Rice Raw,361,7.4,78.2,0.9,1.8,0.026,0.039,20.9,6.0,25.7,115.2,Lunch,Vegetarian,International,None,100 g
Irishmoss,2,0.037,0.6,0.049,0.082,0.098,0.084,3.6,0.4,3.2,4.975,Lunch,Vegetarian,International,None,100 g
Italian Dressing,35,0.032,1.8,3.1,0.0,1.6,0.1,0.059,0.063,2.2,5.108,Lunch,Vegetarian,International,None,100 g
Italian Dressing Fat Free,7,0.1,1.2,0.1,0.077,1.2,0.2,4.2,0.036,14.3,5.71,Lunch,Vegetarian,International,None,100 g
Italian Salami,43,2.2,0.1,3.7,0.0,0.1,0.2,1.0,0.2,34.0,7.2,Lunch,Vegetarian,International,None,100 g
Jackfruit,33,0.6,8.1,0.2,0.5,6.7,0.094,0.0,0.071,7.4,9.574,Lunch,Vegetarian,International,None,100 g
Jalapeno Pepper,4,0.1,0.9,0.002,0.4,0.6,0.028,0.011,0.045,3.6,1.593,Lunch,Vegetarian,International,None,100 g
Jalapeno Peppers Canned,37,1.3,6.4,1.3,3.5,2.9,2.3,31.3,2.6,262.5,60.0,Lunch,Vegetarian,International,None,100 g
Japanese Cabbage,45,2.4,8.5,0.2,4.7,2.0,0.4,72.0,0.7,1279.5,89.6,Lunch,Vegetarian,International,None,100 g
Japanese Chestnuts Roasted,57,0.8,12.8,0.2,0.0,0.0,0.079,9.9,0.6,120.8,32.2,Lunch,Vegetarian,International,None,100 g
Japanese Persimmon,118,1.0,31.2,0.3,6.0,21.1,0.067,0.066,0.2,28.6,38.927,Lunch,Vegetarian,International,None,100 g
Japanese Persimmon Dried,93,0.5,25.0,0.2,4.9,0.0,0.002,8.5,0.3,272.7,39.4,Lunch,Vegetarian,International,None,100 g
Japanese Soba Noodles Cooked,113,5.8,24.4,0.1,0.0,0.0,0.1,4.6,0.5,39.9,35.4,Lunch,Vegetarian,International,None,100 g
Japanese Soba Noodles Dry,95,4.1,21.1,0.2,0.0,0.0,0.2,9.9,0.8,71.3,36.1,Lunch,Vegetarian,International,None,100 g
Japanese Somen Noodles Cooked,231,7.0,48.5,0.3,0.0,0.0,0.3,14.1,0.9,51.0,70.8,Lunch,Vegetarian,International,None,100 g
Japanese Somen Noodles Dry,101,3.2,21.0,0.2,1.2,0.0,0.5,6.5,0.4,46.4,32.5,Lunch,Vegetarian,International,None,100 g
Java Plum,2,0.034,0.5,0.029,0.0,0.0,0.063,0.6,0.054,2.4,1.624,Lunch,Vegetarian,International,None,100 g
Jeijoa,148,1.7,37.0,1.0,15.6,19.9,0.041,41.3,0.3,418.0,176.8,Lunch,Vegetarian,International,None,100 g
Jellies,56,0.005,14.7,0.069,0.2,10.8,0.016,1.5,0.084,11.3,16.779,Lunch,Vegetarian,International,None,100 g
Jellybeans,4,0.0,1.0,0.043,0.083,0.8,0.076,0.08,0.029,0.4,1.216,Lunch,Vegetarian,International,None,100 g
Jellyfish Dried,21,3.2,0.0,0.8,0.0,0.0,5.6,1.2,1.3,1.7,6.517,Lunch,Vegetarian,International,None,100 g
Jerusalem Artichokes,110,3.0,26.2,0.047,2.4,14.4,0.011,21.0,5.1,643.5,63.742,Lunch,Vegetarian,International,None,100 g
Jews Ear,25,0.5,6.7,0.095,0.0,0.0,0.027,15.8,0.6,42.6,24.249,Lunch,Vegetarian,International,None,100 g
Jute Cooked,32,3.2,6.3,0.2,1.7,0.9,0.043,183.6,2.7,478.5,226.4,Lunch,Vegetarian,International,None,100 g
Jute Raw,10,1.3,1.6,0.046,0.0,0.0,0.042,0.0,0.049,23.2,3.197,Lunch,Vegetarian,International,None,100 g
Kale Cooked,42,3.5,6.3,1.4,4.7,1.4,0.018,0.5,0.2,49.6,16.697,Lunch,Vegetarian,International,None,100 g
Kale Raw,7,0.6,0.9,0.3,0.9,0.2,0.045,53.3,0.3,73.1,75.973,Lunch,Vegetarian,International,None,100 g
Kamut Cooked,251,11.1,52.4,1.6,6.7,0.0,0.038,17.2,3.5,347.4,92.5,Lunch,Vegetarian,International,None,100 g
Kamut Raw,627,27.3,130.9,4.1,16.9,15.2,0.012,0.043,1.0,718.0,180.788,Lunch,Vegetarian,International,None,100 g
Kanpyo Dried,139,4.6,35.1,0.3,5.3,0.0,0.056,0.0,0.2,101.5,45.8,Lunch,Vegetarian,International,None,100 g
Keikitos,196,2.9,22.3,10.6,0.5,10.8,0.2,26.5,1.1,37.8,63.9,Lunch,Vegetarian,International,None,100 g
Kelp,2,0.07,0.5,0.067,0.018,0.069,0.019,8.4,0.1,4.5,9.303,Lunch,Vegetarian,International,None,100 g
Kit Kat Nestle,62,0.7,7.6,3.3,0.2,6.5,0.022,0.0,0.059,13.4,11.843,Lunch,Vegetarian,International,None,100 g
Kiwifruit Gold,51,0.8,12.8,0.2,1.1,10.0,0.046,13.8,0.2,255.2,159.686,Lunch,Vegetarian,International,None,100 g
Kiwifruit Green,42,0.8,10.1,0.4,2.1,6.2,0.096,0.091,0.002,23.5,13.588,Lunch,Vegetarian,International,None,100 g
Kohlrabi Cooked,48,3.0,11.0,0.2,1.8,4.6,0.035,0.008,0.2,74.3,16.506,Lunch,Vegetarian,International,None,100 g
Kohlrabi Raw,72,4.5,16.4,0.3,9.5,6.9,0.063,0.069,0.3,121.9,31.457,Lunch,Vegetarian,International,None,100 g
Koyadofu,81,8.9,1.7,5.2,1.2,0.0,0.081,0.0,0.2,82.1,17.237,Lunch,Vegetarian,International,None,100 g
Kumquat,13,0.4,3.0,0.2,1.2,1.8,0.018,0.0,0.092,3.6,4.882,Lunch,Vegetarian,International,None,100 g
Kung Pao Chicken,779,59.0,41.5,42.2,9.1,18.3,2.4,120.8,4.6,1316.7,320.1,Lunch,Non-Vegetarian,International,None,100 g
Ladyfingers,103,3.0,16.9,2.6,0.3,7.2,0.016,13.3,1.0,32.0,38.1,Lunch,Vegetarian,International,None,100 g
Lamb Brain Cooked,503,43.5,0.0,35.3,0.0,0.0,0.5,41.6,5.8,711.4,167.8,Lunch,Non-Vegetarian,International,None,100 g
Lamb Foreshank Cooked,360,42.0,0.0,19.9,0.0,0.0,0.1,29.6,3.2,380.4,94.7,Lunch,Non-Vegetarian,International,None,100 g
Lamb Foreshank Raw,912,85.8,0.0,60.7,0.0,0.0,0.3,49.9,7.6,970.7,204.0,Lunch,Non-Vegetarian,International,None,100 g
Lamb Heart Cooked,353,47.7,3.7,15.1,0.0,0.0,0.1,26.7,10.5,359.1,117.1,Lunch,Non-Vegetarian,International,None,100 g
Lamb Kidneys Cooked,349,60.3,2.5,9.2,0.0,0.0,0.4,45.9,31.6,453.9,180.4,Lunch,Non-Vegetarian,International,None,100 g
Lamb Leg Cooked,684,67.7,0.0,43.7,0.0,0.0,0.2,29.2,5.2,829.5,145.8,Lunch,Non-Vegetarian,International,None,100 g
Lamb Leg Raw,1043,81.2,0.0,77.4,0.0,0.0,0.3,40.8,7.5,1129.5,206.9,Lunch,Non-Vegetarian,International,None,100 g
Lamb Liver Cooked,739,102.7,8.5,29.6,0.0,0.0,0.2,26.9,27.8,742.6,234.1,Lunch,Non-Vegetarian,International,None,100 g
Lamb Loin Cooked,202,16.1,0.0,14.8,0.0,0.0,0.089,12.8,1.2,209.3,44.9,Lunch,Non-Vegetarian,International,None,100 g
Lamb Loin Raw,88,4.6,0.0,7.5,0.0,0.0,0.003,4.2,0.5,60.6,16.8,Lunch,Non-Vegetarian,International,None,100 g
Lamb Lungs Cooked,431,75.7,0.0,11.8,0.0,0.0,0.3,45.7,17.4,483.9,257.4,Lunch,Non-Vegetarian,International,None,100 g
Lamb Meat Cooked,678,63.8,0.0,45.0,0.0,0.0,0.2,40.0,4.8,795.0,153.6,Lunch,Non-Vegetarian,International,None,100 g
Lamb Meat Raw,1102,79.6,0.0,84.6,0.0,0.0,0.3,54.4,7.3,1084.1,225.9,Lunch,Non-Vegetarian,International,None,100 g
Lamb Pancreas Cooked,541,52.7,0.0,34.9,0.0,0.0,0.1,27.7,4.9,672.2,166.4,Lunch,Non-Vegetarian,International,None,100 g
Lamb Rib Cooked,915,53.9,0.0,76.0,0.0,0.0,0.2,56.1,4.1,691.1,190.1,Lunch,Non-Vegetarian,International,None,100 g
Lamb Rib Raw,1687,65.9,0.0,156.0,0.0,0.0,0.3,68.0,6.3,861.8,296.2,Lunch,Non-Vegetarian,International,None,100 g
Lamb Shank Raw,912,84.3,0.0,61.2,0.0,0.0,0.3,36.3,7.8,1183.9,189.6,Lunch,Non-Vegetarian,International,None,100 g
Lamb Shank Roasted,605,71.0,0.0,33.5,0.0,0.0,0.2,26.9,5.3,876.9,136.7,Lunch,Non-Vegetarian,International,None,100 g
Lamb Shoulder Cooked,750,62.5,0.0,53.5,0.0,0.0,0.2,54.5,5.2,540.6,175.7,Lunch,Non-Vegetarian,International,None,100 g
Lamb Shoulder Raw,1198,75.2,0.0,97.3,0.0,0.0,0.3,72.6,6.8,1043.3,251.9,Lunch,Non-Vegetarian,International,None,100 g
Lamb Sirloin Cooked,765,64.5,0.0,54.2,0.0,0.0,0.2,28.8,5.2,788.6,152.7,Lunch,Non-Vegetarian,International,None,100 g
Lamb Sirloin Raw,1234,76.8,0.0,100.3,0.0,0.0,0.3,45.4,7.3,1047.8,229.8,Lunch,Non-Vegetarian,International,None,100 g
Lamb Tongue Cooked,701,55.0,0.0,51.7,0.0,0.0,0.2,25.5,6.7,402.9,156.8,Lunch,Non-Vegetarian,International,None,100 g
Lambs Quarters Cooked,58,5.8,9.0,1.3,3.8,1.1,0.5,464.4,1.3,518.4,552.2,Lunch,Non-Vegetarian,International,None,100 g
Lambs Quarters Raw,0,0.08,0.069,0.067,0.046,0.0,0.033,3.3,0.06,11.4,3.658,Lunch,Non-Vegetarian,International,None,100 g
Lamp Spleen Cooked,460,78.1,0.0,14.1,0.0,0.0,0.2,38.4,114.1,731.6,321.4,Lunch,Vegetarian,International,None,100 g
Lard,115,0.0,0.0,12.8,0.0,0.0,0.0,0.0,0.0,0.0,12.8,Lunch,Vegetarian,International,None,100 g
Lard Vegetable Oil,115,0.0,0.0,12.8,0.0,0.0,0.0,0.0,0.0,0.0,12.8,Lunch,Vegetarian,International,None,100 g
Lasagna,166,9.0,18.9,6.1,2.1,3.8,0.5,0.08,0.1,141.5,36.675,Lunch,Vegetarian,International,None,100 g
Late Harvest White Wine,172,0.1,20.6,0.0,13.1,0.0,0.0,0.0,0.0,0.0,153.6,Lunch,Vegetarian,International,None,100 g
Laver Seaweed,1,0.2,0.1,0.012,0.09,0.071,0.075,1.8,0.087,9.3,3.176,Lunch,Vegetarian,International,None,100 g
Lebanon Bologna,98,10.8,0.3,6.0,0.0,0.0,0.8,11.4,1.2,188.1,30.243,Lunch,Vegetarian,International,None,100 g
Leeks Cooked,38,1.0,9.4,0.2,1.2,2.6,0.067,37.2,1.4,107.9,55.6,Lunch,Vegetarian,International,None,100 g
Leeks Dried,10,0.5,2.4,0.026,0.3,0.0,0.077,11.5,0.2,76.8,18.709,Lunch,Vegetarian,International,None,100 g
Leeks Raw,54,1.3,12.6,0.3,1.6,3.5,0.003,0.011,0.1,31.2,16.132,Lunch,Vegetarian,International,None,100 g
Lemberger Red Wine,118,0.1,3.6,0.0,15.0,0.0,0.0,0.0,0.0,0.0,146.6,Lunch,Vegetarian,International,None,100 g
Lemon Chicken,1440,68.6,122.0,74.9,7.0,55.2,1.5,248.4,8.4,987.4,545.212,Lunch,Non-Vegetarian,International,None,100 g
Lemon Juice,54,0.9,16.6,0.6,0.7,6.1,0.046,0.0,0.073,19.5,18.9,Lunch,Vegetarian,International,None,100 g
Lemon Lime Soda,151,0.3,38.4,0.0,0.0,37.6,0.024,7.4,0.061,3.7,46.113,Lunch,Vegetarian,International,None,100 g
Lemon Meringue Pie,362,4.8,49.7,16.4,0.0,0.0,0.3,15.2,1.3,82.6,91.632,Lunch,Vegetarian,International,None,100 g
Lemon Peel,1,0.032,0.3,0.002,0.2,0.054,0.028,2.7,0.032,3.2,5.934,Lunch,Vegetarian,International,None,100 g
Lemon Pudding,173,4.1,30.2,4.4,0.0,0.0,0.4,148.5,0.058,190.5,188.516,Lunch,Vegetarian,International,None,100 g
Lemonade Low Calorie,7,0.092,1.6,0.0,0.0,0.0,0.013,66.9,0.1,2.4,76.216,Lunch,Vegetarian,International,None,100 g
Lemongrass Citronella,5,0.038,1.2,0.076,0.0,0.0,0.024,3.1,0.4,34.7,4.937,Lunch,Vegetarian,International,None,100 g
Lemons,17,0.6,5.4,0.2,1.6,1.5,0.045,15.1,0.3,80.0,53.9,Lunch,Vegetarian,International,None,100 g
Lentil Soup With Ham,139,9.3,20.2,2.8,0.0,0.0,1.3,42.2,2.7,357.1,81.4,Lunch,Vegetarian,International,None,100 g
Lentil Sprouts,82,6.9,17.0,0.4,0.0,0.0,0.044,19.3,2.5,247.9,58.8,Lunch,Vegetarian,International,None,100 g
Lentils Cooked,230,17.9,39.9,0.8,15.6,3.6,0.016,0.077,0.5,356.4,75.118,Lunch,Vegetarian,International,None,100 g
Lentils Raw,678,49.5,115.4,2.0,58.6,3.9,0.039,107.5,14.5,1833.6,355.9,Lunch,Vegetarian,International,None,100 g
Lima Beans Canned,190,11.9,35.9,0.4,11.6,0.0,0.8,50.6,4.4,530.2,114.8,Lunch,Vegetarian,International,None,100 g
Lima Beans Cooked,216,14.7,39.3,0.7,13.2,5.5,0.012,0.052,0.4,208.7,68.6,Lunch,Vegetarian,International,None,100 g
Lima Beans Raw,602,38.2,112.8,1.2,33.8,15.1,0.078,144.2,13.4,3068.7,343.6,Lunch,Vegetarian,International,None,100 g
Limburger Cheese,98,6.0,0.1,8.2,0.0,0.1,0.2,149.1,0.011,38.4,163.575,Breakfast,Vegetarian,International,Milk,100 g
Lime,20,0.5,7.1,0.1,1.9,1.1,0.082,22.1,0.4,68.3,51.6,Lunch,Vegetarian,International,None,100 g
Lime Juice,61,1.0,20.4,0.2,1.0,4.1,0.014,33.9,0.2,283.1,129.3,Lunch,Vegetarian,International,None,100 g
Limeade,128,0.0,34.1,0.0,0.0,32.8,0.071,4.9,0.0,24.7,46.7,Lunch,Vegetarian,International,None,100 g
Ling Cooked,168,36.8,0.0,1.2,0.0,0.0,0.3,66.4,1.3,733.9,105.731,Lunch,Vegetarian,International,None,100 g
Ling Raw,168,36.7,0.0,1.2,0.0,0.0,0.3,65.6,1.3,731.5,104.862,Lunch,Vegetarian,International,None,100 g
Lingcod Cooked,329,68.4,0.0,4.1,0.0,0.0,0.2,54.4,1.2,1691.2,128.139,Lunch,Vegetarian,International,None,100 g
Lingcod Raw,213,44.2,0.0,2.7,0.0,0.0,0.1,35.0,0.8,1092.5,82.778,Lunch,Vegetarian,International,None,100 g
Little India Little Lunch,164,0.0,2.0,10.6,0.0,0.0,0.0,0.0,0.0,0.0,12.6,Lunch,Vegetarian,International,None,100 g
Lobster Cooked,134,28.5,0.0,1.3,0.0,0.0,0.7,0.0,2.3,277.5,32.314,Lunch,Vegetarian,International,None,100 g
Lobster Raw,116,24.8,0.0,1.1,0.0,0.0,0.6,126.0,0.4,300.0,152.362,Lunch,Vegetarian,International,None,100 g
Loganberries,81,2.2,19.1,0.5,7.8,11.3,0.06,38.2,0.9,213.2,91.2,Lunch,Vegetarian,International,None,100 g
Longan,2,0.009,0.5,0.076,0.071,0.0,0.0,0.039,0.066,8.5,3.493,Lunch,Vegetarian,International,None,100 g
Longans Dried,5,0.027,1.3,0.091,0.0,0.0,0.018,0.8,0.009,11.2,2.804,Lunch,Vegetarian,International,None,100 g
Loquats,9,0.09,2.4,0.071,0.3,0.0,0.053,3.2,0.007,53.2,6.236,Lunch,Vegetarian,International,None,100 g
Lotus Root Cooked,6,0.1,1.4,0.056,0.3,0.0,0.0,2.3,0.059,32.3,6.591,Lunch,Vegetarian,International,None,100 g
Lotus Root Raw,85,3.0,19.8,0.1,5.6,0.0,0.06,51.8,1.3,639.4,132.2,Lunch,Vegetarian,International,None,100 g
Lotus Seeds Dried,106,4.9,20.6,0.6,0.0,0.0,0.024,52.2,1.1,437.8,79.4,Lunch,Vegetarian,International,None,100 g
Lotus Seeds Raw,25,1.2,4.9,0.1,0.0,0.0,0.02,12.5,0.3,103.9,19.0,Lunch,Vegetarian,International,None,100 g
Luncheon Meat Beef,10,1.8,0.0,0.3,0.0,0.0,0.1,0.9,0.3,37.4,3.3,Lunch,Non-Vegetarian,International,None,100 g
Luncheon Meat Pork Beef,99,3.5,0.7,9.0,0.0,0.0,0.4,2.5,0.2,56.6,15.9,Lunch,Non-Vegetarian,International,None,100 g
Lupins Cooked,193,25.8,15.4,4.8,4.6,0.0,0.4,84.7,2.0,406.7,139.1,Lunch,Vegetarian,International,None,100 g
Lupins Raw,668,65.1,72.7,17.5,34.0,0.0,0.009,316.8,7.8,1823.4,522.5,Lunch,Vegetarian,International,None,100 g
Luxury Loaf,39,5.2,1.4,1.3,0.0,0.0,0.3,10.1,0.3,105.6,18.3,Lunch,Vegetarian,International,None,100 g
Lychee,6,0.024,1.6,0.016,0.1,1.5,0.029,0.086,0.022,3.0,2.012,Lunch,Vegetarian,International,None,100 g
Lychee Dried,7,0.01,1.8,0.003,0.1,1.7,0.049,0.8,0.036,27.8,7.431,Lunch,Vegetarian,International,None,100 g
M Ms Milk Chocolate Mars,207,1.8,29.9,8.9,1.2,26.7,0.018,44.1,0.5,109.6,86.651,Breakfast,Vegetarian,International,Milk,100 g
M Ms Peanut Chocolate Mars,93,1.7,10.9,4.7,0.7,9.1,0.017,18.4,0.2,62.5,36.623,Snack,Vegetarian,International,Peanuts,100 g
Macadamia Nuts Raw,38,0.4,0.7,4.0,0.5,0.2,0.011,4.5,0.2,19.3,10.387,Lunch,Vegetarian,International,None,100 g
Macadamia Nuts Roasted,215,2.3,4.0,22.8,2.4,1.2,0.064,21.0,0.8,108.9,53.5,Lunch,Vegetarian,International,None,100 g
Macaroni Cheese,310,12.6,43.7,9.4,2.3,3.0,0.9,0.0,0.1,442.3,68.319,Breakfast,Vegetarian,International,Milk,100 g
Macaroni Cooked,221,8.1,43.2,1.3,2.5,0.8,0.071,0.0,0.1,81.2,55.217,Lunch,Vegetarian,International,None,100 g
Macaroni Raw,390,13.7,78.4,1.6,3.4,2.8,0.097,22.1,3.5,234.2,122.7,Lunch,Vegetarian,International,None,100 g
Mace Ground,25,0.4,2.7,1.7,1.1,0.0,0.097,13.4,0.7,24.5,21.1,Lunch,Vegetarian,International,None,100 g
Mackerel Cooked,231,21.0,0.0,15.7,0.0,0.0,0.064,13.2,1.4,352.9,51.733,Lunch,Vegetarian,International,None,100 g
Mackerel Raw,230,20.8,0.0,15.6,0.0,0.0,0.1,13.4,1.8,351.7,52.063,Lunch,Vegetarian,International,None,100 g
Maitake Mushrooms,0,0.016,0.072,0.017,0.041,0.043,0.059,0.0,0.013,0.8,0.374,Lunch,Vegetarian,International,None,100 g
Malt Beverage,88,0.5,19.1,0.3,0.0,19.1,0.02,16.6,0.1,19.0,37.8,Lunch,Vegetarian,International,None,100 g
Malt Syrup,67,1.3,15.0,0.0,0.0,15.0,0.05,12.8,0.2,67.2,29.3,Lunch,Vegetarian,International,None,100 g
Mamey Sapote,217,2.5,56.2,0.8,9.5,35.2,0.008,31.5,1.4,794.5,142.2,Lunch,Vegetarian,International,None,100 g
Mammy Apple Mamey,431,4.2,105.8,4.2,25.4,0.0,0.1,93.1,5.9,397.6,357.0,Snack,Vegetarian,International,None,100 g
Mango,202,2.8,50.3,1.3,5.4,45.9,0.027,0.019,0.4,47.0,60.641,Lunch,Vegetarian,International,None,100 g
Mango Nectar,128,0.3,32.9,0.2,0.8,31.2,0.061,0.047,0.087,5.0,34.447,Lunch,Vegetarian,International,None,100 g
Mangosteen Canned,143,0.8,35.1,1.1,3.5,0.0,0.024,23.5,0.6,94.1,70.3,Lunch,Vegetarian,International,None,100 g
Maple Sugar,42,0.036,10.9,0.061,0.0,10.2,0.031,10.8,0.2,32.9,21.961,Lunch,Vegetarian,International,None,100 g
Maple Syrup,52,0.09,13.4,0.047,0.0,13.6,0.059,20.4,0.014,42.4,33.895,Lunch,Vegetarian,International,None,100 g
Maraschino Cherries,8,0.06,2.1,0.083,0.2,1.9,0.072,2.7,0.091,1.1,5.19,Lunch,Vegetarian,International,None,100 g
Margarine,102,0.037,0.018,11.5,0.0,0.0,0.091,0.059,0.0,0.7,13.719,Lunch,Vegetarian,International,None,100 g
Margarine Spread,59,0.082,0.1,6.7,0.0,0.0,0.019,0.6,0.078,5.0,7.547,Lunch,Vegetarian,International,None,100 g
Margarine With Salt,100,0.031,0.017,11.3,0.0,0.0,0.1,0.068,0.0,0.7,13.618,Lunch,Vegetarian,International,None,100 g
Margarine With Yoghurt,88,0.058,0.073,9.8,0.0,0.0,0.018,2.8,0.027,3.5,12.971,Lunch,Vegetarian,International,None,100 g
Marinara Pasta Sauce,129,3.7,19.9,3.9,4.8,14.5,1.1,71.3,2.1,842.2,111.0,Lunch,Vegetarian,International,None,100 g
Marjoram Dried,5,0.2,1.0,0.1,0.7,0.077,0.004,0.047,0.029,5.2,2.032,Lunch,Vegetarian,International,None,100 g
Marshmallow,64,0.4,16.3,0.033,0.013,11.5,0.039,0.6,0.038,1.0,17.445,Lunch,Vegetarian,International,None,100 g
Mashed Potato With Milk And Butter,237,3.9,35.3,8.9,3.2,3.0,0.7,50.4,0.5,596.4,114.854,Breakfast,Vegetarian,International,Milk,100 g
Mashed Potatoes,215,4.0,35.5,6.8,3.1,1.2,0.7,43.6,0.8,692.1,93.836,Lunch,Vegetarian,International,None,100 g
Matzo Crackers,111,2.8,23.4,0.4,0.8,0.098,0.0,3.6,0.9,31.4,31.9,Lunch,Vegetarian,International,None,100 g
Matzo Crackers Whole Wheat,98,3.7,22.1,0.4,3.3,0.0,0.002,6.4,1.3,88.5,37.2,Lunch,Vegetarian,International,Gluten,100 g
Matzo Crackers With Egg,109,3.4,22.0,0.6,0.8,0.0,0.057,11.2,0.8,42.0,38.972,Breakfast,Non-Vegetarian,International,Egg,100 g
Matzo Crackers With Egg Onion,109,2.8,21.6,1.1,1.4,0.0,0.052,10.1,1.2,23.2,38.316,Breakfast,Non-Vegetarian,International,Egg,100 g
Mayonnaise Dressing,103,0.0,0.066,11.7,0.0,0.093,0.081,1.1,0.0,2.1,12.917,Lunch,Vegetarian,International,None,100 g
Mayonnaise Hellmanns,15,0.0,0.087,1.7,0.0,0.2,0.0,0.0,0.0,0.0,1.737,Lunch,Vegetarian,International,None,100 g
Mayonnaise Imitation Fat Free,13,0.043,2.5,0.4,0.3,1.6,0.1,1.0,0.008,7.8,4.313,Lunch,Vegetarian,International,None,100 g
Mayonnaise Light,36,0.032,1.4,3.3,0.0,0.5,0.1,0.05,0.039,2.3,4.966,Lunch,Vegetarian,International,None,100 g
Mcchicken Mcdonalds,358,13.7,36.6,17.3,1.7,4.7,0.8,0.0,0.1,182.1,69.5,Lunch,Vegetarian,International,None,100 g
Meat Extender,275,33.5,33.7,2.6,15.4,0.0,0.041,179.5,10.6,1673.8,275.3,Lunch,Vegetarian,International,None,100 g
Meat Ravioli Canned,259,8.9,36.0,8.9,4.2,6.3,0.9,34.1,2.8,442.8,94.963,Lunch,Vegetarian,International,None,100 g
Meat Vegetable Pizza,332,15.0,34.5,14.8,3.0,5.1,0.8,163.2,2.5,250.2,233.148,Lunch,Vegetarian,International,None,100 g
Meatless Chicken,376,39.7,6.1,21.4,6.0,0.0,1.2,58.8,5.5,90.7,137.5,Lunch,Non-Vegetarian,International,None,100 g
Meatless Chicken Fried,304,27.7,11.1,16.6,5.6,0.0,0.5,54.6,5.0,390.0,120.6,Lunch,Non-Vegetarian,International,None,100 g
Meatless Meatballs,284,30.2,11.5,13.0,6.6,1.8,0.8,36.0,3.1,259.2,100.4,Lunch,Vegetarian,International,None,100 g
Meatless Meatloaf,110,11.8,4.5,5.0,2.6,0.7,0.3,16.2,1.2,100.8,41.3,Lunch,Vegetarian,International,None,100 g
Melba Toast Crackers,117,3.6,23.0,1.0,1.9,0.3,0.2,27.9,1.1,60.6,58.5,Lunch,Vegetarian,International,None,100 g
Melon Balls,57,1.5,13.7,0.4,1.2,0.0,0.022,17.3,0.5,484.4,45.3,Lunch,Vegetarian,International,None,100 g
Menhaden Fish Oil,1966,0.0,0.0,218.0,0.0,0.0,0.0,0.0,0.0,0.0,218.0,Lunch,Non-Vegetarian,International,None,100 g
Merlot Red Wine,122,0.1,3.7,0.0,0.0,0.9,0.011,11.8,0.7,186.7,16.3,Lunch,Vegetarian,International,None,100 g
Mexican Cheese,316,27.7,3.8,21.7,0.0,0.6,0.9,1283.5,0.1,104.2,1337.0,Breakfast,Vegetarian,International,Milk,100 g
Microwave Popcorn,465,7.3,49.8,26.3,8.7,0.3,0.6,0.052,0.2,239.3,93.352,Lunch,Vegetarian,International,None,100 g
Milk Cereal Bar,103,1.6,18.0,2.7,0.1,11.5,0.087,102.5,1.5,63.5,130.334,Breakfast,Vegetarian,International,Milk,100 g
Milk Chocolate,37,0.5,4.2,2.1,0.2,3.6,0.045,13.2,0.2,26.0,20.464,Breakfast,Vegetarian,International,Milk,100 g
Milk Chocolate With Almonds,216,3.7,21.9,14.1,2.5,18.0,0.051,91.8,0.7,182.0,134.811,Breakfast,Vegetarian,International,"Milk, Tree Nuts",100 g
Milk Chocolate With Rice Cereal,0,0.0,0.0,0.0,0.0,0.0,0.0,0.0,0.0,0.0,0.0,Breakfast,Vegetarian,International,Milk,100 g
Milk Crackers,50,0.8,7.7,1.7,0.2,1.8,0.095,18.9,0.4,12.5,29.845,Breakfast,Vegetarian,International,Milk,100 g
Milkfish Cooked,54,7.4,0.0,2.4,0.0,0.0,0.076,18.4,0.1,105.8,28.341,Breakfast,Vegetarian,International,Milk,100 g
Milkfish Raw,42,5.8,0.0,1.9,0.0,0.0,0.098,14.4,0.057,82.6,22.203,Breakfast,Vegetarian,International,Milk,100 g
Milky Way Mars,264,2.3,41.3,10.0,0.6,34.6,0.021,0.038,0.047,38.9,54.438,Breakfast,Vegetarian,International,Milk,100 g
Millet Cooked,207,6.1,41.2,1.7,2.3,0.2,0.046,5.2,1.1,107.9,57.6,Lunch,Vegetarian,International,None,100 g
Millet Flour,444,12.8,86.9,5.1,4.2,2.0,0.056,16.7,4.7,266.6,130.4,Lunch,Vegetarian,International,None,100 g
Millet Puffed,74,2.7,16.8,0.7,0.6,0.1,0.076,1.7,0.6,8.4,23.1,Lunch,Vegetarian,International,None,100 g
Millet Raw,756,22.0,145.7,8.4,17.0,0.0,0.013,16.0,6.0,390.0,215.1,Lunch,Vegetarian,International,None,100 g
Mince Pie,477,4.3,79.2,17.8,4.3,46.7,0.4,36.3,2.5,335.0,154.1,Lunch,Vegetarian,International,None,100 g
Minced Ham,55,3.4,0.4,4.3,0.0,0.0,0.3,2.1,0.2,65.3,10.4,Lunch,Vegetarian,International,None,100 g
Minestrone Soup,167,8.6,22.6,5.0,2.0,3.7,1.3,68.9,1.8,627.3,111.1,Lunch,Vegetarian,International,None,100 g
Miso,40,2.6,5.1,1.2,1.1,1.2,0.7,0.094,0.046,31.8,10.193,Lunch,Vegetarian,International,None,100 g
Mixed Nuts Roasted,178,5.2,7.6,15.4,2.7,1.4,0.1,21.0,1.1,207.9,53.1,Lunch,Vegetarian,International,None,100 g
Mixed Vegetables Canned,88,3.5,17.5,0.6,9.3,0.0,0.5,0.0,0.3,90.7,31.4,Lunch,Vegetarian,International,None,100 g
Mixed Vegetables Cooked,118,5.2,23.8,0.3,8.0,5.7,0.089,0.083,0.2,92.8,37.698,Lunch,Vegetarian,International,None,100 g
Mock Tender Steak Cooked,137,21.9,0.0,4.9,0.0,0.0,0.028,6.8,2.6,249.1,36.2,Lunch,Vegetarian,International,None,100 g
Mock Tender Steak Raw,244,42.2,0.0,8.3,0.0,0.0,0.2,21.8,4.8,685.1,77.128,Lunch,Vegetarian,International,None,100 g
Molasses,58,0.0,14.9,0.068,0.0,14.9,0.007,41.0,0.9,292.8,56.848,Lunch,Vegetarian,International,None,100 g
Monkfish Cooked,27,5.3,0.0,0.6,0.0,0.0,0.004,2.8,0.1,145.2,9.165,Lunch,Vegetarian,International,None,100 g
Monkfish Raw,22,4.1,0.0,0.4,0.0,0.0,0.059,2.3,0.059,113.2,7.21,Lunch,Vegetarian,International,None,100 g
Monterey Cheese,421,27.7,0.8,34.2,0.0,0.6,0.7,843.0,0.8,91.5,906.7,Breakfast,Vegetarian,International,Milk,100 g
Monterey Cheese Low Fat,350,31.9,0.8,24.4,0.0,0.6,0.6,796.7,0.8,91.5,854.8,Breakfast,Vegetarian,International,Milk,100 g
Morel Mushrooms,4,0.4,0.7,0.07,0.4,0.096,0.08,0.0,0.056,25.0,1.727,Lunch,Vegetarian,International,None,100 g
Mortadella,47,2.5,0.5,3.8,0.0,0.0,0.2,2.7,0.2,24.5,9.7,Lunch,Vegetarian,International,None,100 g
Mothbeans Cooked,207,13.8,37.1,1.0,0.0,0.0,0.086,5.3,5.6,538.1,64.6,Lunch,Vegetarian,International,None,100 g
Mothbeans Raw,672,45.0,120.6,3.2,0.0,0.0,0.001,294.0,21.3,2334.4,491.9,Lunch,Vegetarian,International,None,100 g
Mountain Yam Cooked,119,2.5,29.0,0.1,0.0,0.0,0.4,11.6,0.6,717.8,43.8,Lunch,Vegetarian,International,None,100 g
Mountain Yam Raw,91,1.8,22.2,0.1,3.4,0.4,0.021,35.4,0.6,568.5,67.0,Lunch,Vegetarian,International,None,100 g
Mouvedre Red Wine,129,0.1,3.9,0.0,16.5,0.0,0.0,0.0,0.0,0.0,146.6,Lunch,Vegetarian,International,None,100 g
Mozzarella Cheese,90,6.7,0.7,6.6,0.0,0.0,0.1,151.5,0.1,22.8,165.648,Breakfast,Vegetarian,International,Milk,100 g
Mozzarella Cheese Fat Free,159,35.8,4.0,0.0,2.0,1.7,0.8,1085.9,0.4,119.8,1128.2,Breakfast,Vegetarian,International,Milk,100 g
Mozzarella Steak Fried,102,4.6,7.7,5.9,0.6,0.7,0.2,107.9,0.2,35.7,126.963,Lunch,Vegetarian,International,None,100 g
Muenster Cheese,486,30.9,1.5,39.7,0.0,1.5,0.8,946.4,0.5,176.9,1019.4,Breakfast,Vegetarian,International,Milk,100 g
Muesli Master Crumble,124,2.4,4.5,2.4,0.0,0.042,0.0,0.0,0.0,0.0,9.3,Lunch,Vegetarian,International,None,100 g
Muesli With Fruit Nuts,231,4.3,45.7,3.4,5.8,14.2,0.1,25.8,5.9,229.2,91.1,Lunch,Vegetarian,International,None,100 g
Muffin,169,3.9,23.6,6.5,1.5,0.0,0.3,114.0,1.4,69.0,151.166,Lunch,Vegetarian,International,None,100 g
Mulberries,6,0.2,1.5,0.049,0.3,1.2,0.021,0.074,0.041,5.7,2.163,Lunch,Vegetarian,International,None,100 g
Muller Thurgau White Wine,112,0.1,5.2,0.0,13.3,0.0,0.0,0.0,0.0,0.0,147.8,Lunch,Vegetarian,International,None,100 g
Mullet Cooked,140,23.1,0.0,4.5,0.0,0.0,0.001,28.8,1.3,425.9,58.866,Lunch,Vegetarian,International,None,100 g
Mullet Raw,139,23.0,0.0,4.5,0.0,0.0,0.098,48.8,1.2,424.8,78.949,Lunch,Vegetarian,International,None,100 g
Multigrain Cheerios General Mills,4,0.038,1.0,0.005,0.1,0.2,0.0,0.0,0.0,0.0,1.248,Lunch,Vegetarian,International,None,100 g
Mung Bean Sprouts Cooked,24,2.5,4.5,0.1,1.0,3.5,0.3,14.9,0.8,125.2,37.9,Lunch,Vegetarian,International,None,100 g
Mung Bean Sprouts Raw,6,0.6,1.2,0.044,0.4,0.8,0.08,0.069,0.072,10.8,2.418,Lunch,Vegetarian,International,None,100 g
Mung Beans Cooked,212,14.2,38.7,0.8,15.4,4.0,0.083,0.005,0.3,200.0,69.586,Lunch,Vegetarian,International,None,100 g
Mung Beans Raw,718,49.4,129.6,2.4,33.7,13.7,0.085,273.2,14.0,2579.2,512.2,Lunch,Vegetarian,International,None,100 g
Mungo Beans Cooked,189,13.6,33.0,1.0,11.5,3.6,0.083,95.4,3.2,415.8,159.5,Lunch,Vegetarian,International,None,100 g
Mungo Beans Raw,706,52.2,122.1,3.4,37.9,0.0,0.004,285.7,15.7,2034.8,517.0,Lunch,Vegetarian,International,None,100 g
Muscadine Grapes,3,0.014,0.8,0.056,0.2,0.0,0.024,2.2,0.014,12.2,3.38,Snack,Vegetarian,International,None,100 g
Muscat White Wine,123,0.1,7.8,0.0,0.0,0.0,0.0,0.0,0.0,0.0,7.9,Lunch,Vegetarian,International,None,100 g
Mushroom Barley Soup,186,4.6,29.3,5.5,0.0,0.0,1.7,30.5,1.2,231.8,71.1,Lunch,Vegetarian,International,None,100 g
Mushroom Gravy,119,3.0,13.0,6.4,1.0,0.0,1.4,16.7,1.6,252.3,41.7,Lunch,Vegetarian,International,None,100 g
Mushrooms Cooked,44,3.4,8.3,0.7,3.4,3.7,0.011,0.0,0.8,135.7,16.7,Lunch,Vegetarian,International,None,100 g
Mushrooms Raw,15,2.2,2.3,0.2,0.7,1.4,0.053,2.1,0.4,222.6,9.4,Lunch,Vegetarian,International,None,100 g
Mustard,3,0.2,0.3,0.2,0.2,0.048,0.015,0.012,0.086,5.4,1.046,Lunch,Vegetarian,International,None,100 g
Mustard Cabbage,36,1.4,7.2,0.1,4.0,1.8,0.9,0.1,0.077,34.6,13.276,Lunch,Vegetarian,International,None,100 g
Mustard Greens Cooked,36,3.6,6.3,0.7,2.8,2.0,0.4,165.2,1.2,226.8,215.2,Lunch,Vegetarian,International,None,100 g
Mustard Greens Raw,15,1.6,2.6,0.2,1.8,0.7,0.004,64.4,0.9,215.0,110.7,Lunch,Vegetarian,International,None,100 g
Mustard Oil,124,0.0,0.0,14.0,0.0,0.0,0.0,0.0,0.0,0.0,14.0,Lunch,Vegetarian,International,None,100 g
Mustard Seeds Ground,10,0.5,0.6,0.7,0.2,0.1,0.017,5.3,0.2,14.8,7.6,Lunch,Vegetarian,International,None,100 g
Mustard Spinach Cooked,29,3.1,5.0,0.4,3.6,0.0,0.5,284.4,1.4,513.0,414.9,Lunch,Vegetarian,International,None,100 g
Mustard Spinach Raw,33,3.3,5.9,0.5,4.2,0.0,0.025,315.0,2.3,673.5,526.2,Lunch,Vegetarian,International,None,100 g
Mutton Cooked,66,9.5,0.027,3.1,0.0,0.0,0.07,2.8,1.3,115.7,16.744,Lunch,Non-Vegetarian,International,None,100 g
Mutton Tallow,45,0.0,0.0,5.0,0.0,0.0,0.0,0.0,0.0,0.0,5.0,Lunch,Non-Vegetarian,International,None,100 g
Nacho Cheese Tortilla Chips,156,2.2,18.2,8.2,1.5,0.8,0.2,0.002,0.071,75.6,30.369,Breakfast,Vegetarian,International,Milk,100 g
Nacho Cheese Tortilla Chips Low Fat,90,2.4,18.5,1.0,1.8,0.8,0.2,36.2,1.4,112.1,62.9,Breakfast,Vegetarian,International,Milk,100 g
Nachos Supreme Taco Bell,480,14.8,45.0,26.6,8.0,0.0,0.8,142.4,4.2,471.9,241.0,Lunch,Vegetarian,International,None,100 g
Nachos Taco Bell,362,5.1,36.0,21.9,3.8,0.0,0.5,88.1,1.1,180.2,156.0,Lunch,Vegetarian,International,None,100 g
Nachos With Cheese,274,3.5,27.9,17.2,2.6,1.7,0.3,0.05,0.029,158.4,51.581,Breakfast,Vegetarian,International,Milk,100 g
Nachos With Cheese Jalapeno Peppers,608,16.8,60.1,34.1,0.0,0.0,1.7,620.2,2.4,293.8,735.0,Breakfast,Vegetarian,International,Milk,100 g
Nachos With Cinnamon Sugar,592,7.2,63.4,36.0,0.0,0.0,0.4,85.0,2.9,78.5,202.5,Lunch,Vegetarian,International,None,100 g
Nance,82,0.7,19.0,1.3,8.4,9.3,0.039,0.078,0.037,11.2,29.436,Lunch,Vegetarian,International,None,100 g
Nance Syrup,4,0.028,0.8,0.002,0.3,0.6,0.035,1.6,0.013,7.2,3.227,Lunch,Vegetarian,International,None,100 g
Napa Cabbage Cooked,13,1.2,2.4,0.2,0.0,0.0,0.012,31.6,0.8,94.8,39.7,Lunch,Vegetarian,International,None,100 g
Naranjilla Lulo Pulp,30,0.5,7.1,0.3,1.3,4.5,0.044,9.6,0.4,240.0,23.0,Lunch,Vegetarian,International,None,100 g
Natto,169,14.2,11.5,8.8,4.3,3.9,0.026,0.085,0.5,139.2,39.429,Lunch,Vegetarian,International,None,100 g
Navy Bean Sprouts Raw,70,6.4,13.6,0.7,0.0,0.0,0.063,15.6,2.0,319.3,57.9,Lunch,Vegetarian,International,None,100 g
Navy Beans Canned,296,19.7,53.6,1.1,13.4,0.7,1.2,123.1,4.8,754.6,217.5,Lunch,Vegetarian,International,None,100 g
Navy Beans Cooked,255,15.0,47.4,1.1,19.1,0.7,0.4,125.6,4.3,708.0,212.5,Lunch,Vegetarian,International,None,100 g
Navy Beans Raw,701,46.4,126.4,3.1,50.8,8.1,0.059,305.8,11.4,2464.8,543.9,Lunch,Vegetarian,International,None,100 g
Nectarine,66,1.6,15.8,0.5,2.6,11.8,0.0,0.081,0.1,39.0,20.735,Lunch,Vegetarian,International,None,100 g
Nesfit Diet Cereal Nestle,75,0.0,0.0,0.0,0.0,0.0,0.0,0.0,0.0,0.0,0.0,Breakfast,Vegetarian,International,None,100 g
Neufchatel Cheese,215,7.8,3.1,19.4,0.0,2.7,0.3,99.5,0.1,129.2,130.1,Breakfast,Vegetarian,International,Milk,100 g
New Zealand Spinach Cooked,22,2.3,3.8,0.3,2.5,0.5,0.6,86.4,1.2,183.6,125.3,Lunch,Vegetarian,International,None,100 g
New Zealand Spinach Raw,8,0.8,1.4,0.1,0.8,0.2,0.017,32.5,0.4,72.8,52.8,Lunch,Vegetarian,International,None,100 g
Non Alcoholic Wine,2,0.1,0.3,0.0,0.0,0.3,0.095,2.7,0.1,26.0,3.2,Lunch,Vegetarian,International,None,100 g
Nopales Cooked,22,2.0,4.9,0.003,3.0,1.7,0.087,244.4,0.7,290.6,262.963,Lunch,Vegetarian,International,None,100 g
Nopales Raw,14,1.1,2.9,0.063,1.9,1.0,0.076,141.0,0.5,221.0,155.484,Lunch,Vegetarian,International,None,100 g
Northern Pike Cooked,350,76.5,0.0,2.7,0.0,0.0,0.2,226.3,2.2,1026.1,319.506,Lunch,Vegetarian,International,None,100 g
Northern Pike Raw,348,76.3,0.0,2.7,0.0,0.0,0.2,225.7,2.2,1025.6,321.946,Lunch,Vegetarian,International,None,100 g
Nougat With Almonds,56,0.5,12.9,0.2,0.5,11.7,0.061,4.5,0.082,14.7,18.658,Snack,Vegetarian,International,Tree Nuts,100 g
Nut Cereal,245,4.0,46.2,5.9,3.6,17.2,0.3,75.6,10.3,134.4,156.5,Breakfast,Vegetarian,International,None,100 g
Nutmeg Butter Oil,1927,0.0,0.0,218.0,0.0,0.0,0.0,0.0,0.0,0.0,218.0,Breakfast,Vegetarian,International,Milk,100 g
Nutmeg Ground,12,0.1,1.1,0.8,0.5,0.6,0.095,4.0,0.018,7.7,6.656,Lunch,Vegetarian,International,None,100 g
Oat Bran Bagel,176,7.4,36.8,0.8,2.5,1.1,0.4,8.3,2.1,79.4,58.051,Lunch,Vegetarian,International,None,100 g
Oat Bran Bread,71,3.1,11.9,1.3,1.4,2.3,0.1,19.5,0.9,44.1,38.121,Breakfast,Vegetarian,International,Gluten,100 g
Oat Bran Bread Toasted,70,3.1,11.8,1.3,1.3,2.3,0.1,19.2,0.9,33.2,37.631,Breakfast,Vegetarian,International,Gluten,100 g
Oat Bran Cooked,88,7.0,25.1,1.9,5.7,0.0,0.082,21.9,1.9,201.5,63.5,Lunch,Vegetarian,International,None,100 g
Oat Bran Dinner Roll,78,3.1,13.3,1.5,1.4,2.2,0.1,28.1,1.4,39.9,48.8,Lunch,Vegetarian,International,None,100 g
Oat Bran Muffin,46,1.2,8.2,1.3,0.8,1.4,0.067,10.7,0.7,86.2,22.9,Lunch,Vegetarian,International,None,100 g
Oat Bran Raw,23,1.3,4.9,0.5,1.2,0.1,0.036,18.0,40.0,0.0,65.9,Lunch,Vegetarian,International,None,100 g
Oatmeal Bread,73,2.3,13.1,1.2,1.1,2.2,0.1,17.8,0.7,38.3,36.227,Breakfast,Vegetarian,International,Gluten,100 g
Oatmeal Bread Toasted,73,2.3,13.2,1.2,1.1,2.2,0.1,18.0,0.7,38.5,36.622,Breakfast,Vegetarian,International,Gluten,100 g
Oatmeal Cookies,113,1.6,17.2,4.5,0.7,6.2,0.1,9.3,0.6,35.5,34.069,Lunch,Vegetarian,International,None,100 g
Oatmeal Cookies With Raisins,65,1.0,10.3,2.4,0.0,0.0,0.022,15.0,0.4,35.9,29.198,Lunch,Vegetarian,International,None,100 g
Oats,39,1.7,6.6,0.7,1.1,0.0,0.074,5.4,0.5,42.9,16.0,Breakfast,Vegetarian,International,None,100 g
Ocean Perch Cooked,48,9.3,0.0,0.9,0.0,0.0,0.2,0.069,0.073,150.0,10.368,Lunch,Vegetarian,International,None,100 g
Ocean Perch Raw,51,9.8,0.0,1.0,0.0,0.0,0.2,17.9,0.1,119.7,28.835,Lunch,Vegetarian,International,None,100 g
Octopus Cooked,139,25.3,3.7,1.8,0.0,0.0,0.4,90.1,8.1,535.5,135.853,Lunch,Vegetarian,International,None,100 g
Octopus Raw,23,4.2,0.6,0.3,0.0,0.0,0.064,15.0,1.5,99.1,23.044,Lunch,Vegetarian,International,None,100 g
Ohelo Berries,39,0.5,9.6,0.3,0.0,0.0,0.068,9.8,0.1,53.2,28.7,Lunch,Vegetarian,International,None,100 g
Okara,93,3.9,15.3,2.1,0.0,0.0,0.07,0.0,0.2,73.2,21.6,Lunch,Vegetarian,International,None,100 g
Okra,4,0.2,0.9,0.082,0.4,0.2,0.098,9.8,0.082,35.6,14.081,Lunch,Vegetarian,International,None,100 g
Okra Cooked,35,3.0,7.2,0.3,4.0,3.8,0.4,123.2,0.4,216.0,164.2,Lunch,Vegetarian,International,None,100 g
Olive Oil,119,0.0,0.0,13.5,0.0,0.0,0.004,0.1,0.092,0.1,13.618,Lunch,Vegetarian,International,None,100 g
Olives,10,0.09,0.5,0.9,0.1,0.0,0.001,7.4,0.5,0.7,9.479,Lunch,Vegetarian,International,None,100 g
Omelet,94,6.4,0.4,7.1,0.0,0.2,0.013,0.05,0.07,101.9,14.377,Lunch,Vegetarian,International,None,100 g
Onion Cooked,7,0.2,1.5,0.034,0.2,0.7,0.04,0.084,0.067,5.3,2.171,Lunch,Vegetarian,International,None,100 g
Onion Gravy Dry,77,2.2,16.2,0.7,1.4,0.0,1.0,67.2,0.2,62.9,89.6,Lunch,Vegetarian,International,None,100 g
Onion Powder,8,0.2,1.9,0.024,0.4,0.2,0.048,9.2,0.052,23.6,12.389,Lunch,Vegetarian,International,None,100 g
Onion Raw,16,0.4,3.7,0.048,0.7,1.7,0.065,0.08,0.011,11.6,4.955,Lunch,Vegetarian,International,None,100 g
Onion Rings Burger King,379,3.5,39.7,23.0,2.5,4.9,0.7,104.7,0.7,152.0,175.4,Lunch,Vegetarian,International,None,100 g
Onion Rings Fried,27,0.3,2.8,1.6,0.2,0.4,0.015,7.5,0.038,10.9,12.551,Lunch,Vegetarian,International,None,100 g
Onion Snacks,150,2.3,19.5,6.8,1.2,1.4,0.3,8.7,1.1,42.9,40.199,Lunch,Vegetarian,International,None,100 g
Onion Soup,113,7.5,16.4,3.5,1.7,6.7,1.3,54.1,1.4,137.8,87.173,Lunch,Vegetarian,International,None,100 g
Onions Canned,12,0.5,2.5,0.084,0.8,1.4,0.2,28.4,0.011,69.9,34.925,Lunch,Vegetarian,International,None,100 g
Orange,86,1.7,21.6,0.2,4.4,17.2,0.0,0.0,0.094,25.8,28.073,Snack,Vegetarian,International,None,100 g
Orange Apricot Juice,128,0.8,31.8,0.3,0.3,30.2,0.096,12.5,0.3,200.0,96.0,Snack,Vegetarian,International,None,100 g
Orange Grapefruit Juice,106,1.5,25.4,0.2,0.2,25.1,0.082,19.8,1.1,390.3,120.1,Snack,Vegetarian,International,None,100 g
Orange Juice,90,1.4,20.8,0.4,0.4,16.8,0.067,0.053,0.06,34.0,23.177,Snack,Vegetarian,International,None,100 g
Orange Juice Sainsburys,14,0.0,0.0,0.088,0.0,0.0,0.0,0.0,0.0,0.0,0.049,Snack,Vegetarian,International,None,100 g
Orange Marmalade,49,0.014,13.3,0.0,0.1,12.0,0.016,7.6,0.053,7.4,22.119,Snack,Vegetarian,International,None,100 g
Orange Peel,6,0.093,1.5,0.017,0.6,0.0,0.023,9.7,0.097,12.7,20.111,Snack,Vegetarian,International,None,100 g
Orange Pineapple Juice,15,0.1,3.6,0.08,0.032,3.1,0.044,2.4,0.086,44.3,18.261,Snack,Vegetarian,International,None,100 g
Orange Roughy Cooked,30,6.4,0.0,0.3,0.0,0.0,0.079,3.1,0.3,51.2,10.146,Snack,Vegetarian,International,None,100 g
Orange Roughy Raw,22,4.6,0.0,0.2,0.0,0.0,0.063,2.5,0.3,47.3,7.672,Snack,Vegetarian,International,None,100 g
Orange Tomato,18,1.3,3.5,0.2,1.0,0.0,0.001,0.0,0.079,32.2,6.093,Snack,Vegetarian,International,None,100 g
Orange With Peel,100,2.1,24.6,0.5,7.2,0.0,0.028,111.3,1.3,311.6,259.9,Snack,Vegetarian,International,None,100 g
Orangensaft Ja,86,0.0,1.4,0.0,0.0,0.024,0.0,0.0,0.0,0.0,1.4,Snack,Vegetarian,International,None,100 g
Oregano Dried,265,9.0,68.9,4.3,42.5,4.1,0.009,0.6,0.6,148.0,126.9,Lunch,Vegetarian,International,None,100 g
Oriental Radish Cooked,25,1.0,5.0,0.4,2.4,2.7,0.4,25.0,0.2,419.0,56.2,Lunch,Vegetarian,International,None,100 g
Oriental Radish Dried,314,9.2,73.5,0.8,27.7,43.3,0.3,729.6,7.8,4053.0,848.6,Lunch,Vegetarian,International,None,100 g
Oriental Radish Raw,61,2.0,13.9,0.3,5.4,8.5,0.014,91.3,1.4,767.3,188.7,Lunch,Vegetarian,International,None,100 g
Oriental Rice Cracker Mix,143,4.9,14.6,7.2,3.7,0.8,0.1,15.3,0.7,92.8,46.416,Lunch,Vegetarian,International,None,100 g
Original Chicken Sandwich Burger King,569,24.2,52.2,29.2,4.8,6.0,1.3,91.5,3.6,390.0,205.9,Lunch,Non-Vegetarian,International,None,100 g
Original Chicken Sandwich Chick Fil A,125,0.0,0.0,5.1,0.0,0.0,0.0,0.0,0.0,0.0,5.1,Lunch,Non-Vegetarian,International,None,100 g
Original Taco With Beef Cheese Lettuce Taco Bell,158,6.1,13.7,8.8,2.7,0.6,0.3,61.4,0.8,144.2,93.8,Breakfast,Non-Vegetarian,International,Milk,100 g
Ostrich Fan Raw,99,18.5,0.0,2.3,0.0,0.0,0.04,5.1,3.7,261.8,29.6,Lunch,Vegetarian,International,None,100 g
Ostrich Leg Cooked,120,24.7,0.0,1.6,0.0,0.0,0.016,5.1,2.7,299.2,34.1,Lunch,Vegetarian,International,None,100 g
Ostrich Leg Raw,94,19.0,0.0,1.5,0.0,0.0,0.067,4.3,2.0,272.0,26.8,Lunch,Vegetarian,International,None,100 g
Ostrich Round Raw,99,18.7,0.0,2.0,0.0,0.0,0.074,4.3,3.0,267.8,28.0,Lunch,Vegetarian,International,None,100 g
Ostrich Strip Cooked,139,25.0,0.0,3.6,0.0,0.0,0.034,4.3,4.1,311.1,37.0,Lunch,Vegetarian,International,None,100 g
Ostrich Strip Raw,108,20.1,0.0,2.4,0.0,0.0,0.086,4.3,3.6,280.5,30.4,Lunch,Vegetarian,International,None,100 g
Ostrich Tenderloin Raw,105,18.8,0.0,2.7,0.0,0.0,0.005,5.1,4.1,272.0,30.7,Lunch,Vegetarian,International,None,100 g
Ostrich Tip Cooked,123,24.2,0.0,2.2,0.0,0.0,0.086,5.1,2.4,307.7,33.9,Lunch,Vegetarian,International,None,100 g
Ostrich Tip Raw,97,18.6,0.0,2.0,0.0,0.0,0.041,4.3,2.4,263.5,27.3,Lunch,Vegetarian,International,None,100 g
Ostrich Top Loin Cooked,132,23.9,0.0,3.3,0.0,0.0,0.029,0.046,0.1,208.3,27.982,Lunch,Vegetarian,International,None,100 g
Ostrich Top Loin Raw,101,18.4,0.0,2.5,0.0,0.0,0.073,5.1,2.7,265.2,28.7,Lunch,Vegetarian,International,None,100 g
Oyster Cooked,41,4.7,2.5,1.2,0.0,0.0,0.066,4.0,2.3,75.5,17.971,Lunch,Vegetarian,International,None,100 g
Oyster Fried,61,2.1,6.7,3.0,0.0,0.0,0.1,4.6,0.7,30.4,17.861,Lunch,Vegetarian,International,None,100 g
Oyster Mushroom,5,0.5,0.9,0.035,0.3,0.2,0.098,0.0,0.008,18.0,1.804,Lunch,Vegetarian,International,None,100 g
Oyster Raw,41,4.7,2.5,1.2,0.0,0.0,0.059,4.0,2.6,84.0,19.054,Lunch,Vegetarian,International,None,100 g
Oyster Sauce,9,0.2,2.0,0.066,0.024,0.0,0.5,5.8,0.069,9.7,8.095,Lunch,Vegetarian,International,None,100 g
Oyster Stew Soup,118,4.2,8.2,7.7,0.0,0.0,1.8,44.3,2.0,98.4,72.8,Lunch,Vegetarian,International,None,100 g
Pain Au Chocolat De La Boulangerie,235,0.0,0.0,12.0,0.0,0.0,0.0,0.0,0.0,0.0,12.0,Lunch,Vegetarian,International,None,100 g
Palm Kernel Oil,40,0.0,0.0,4.5,0.0,0.0,0.098,0.033,0.0,0.0,4.741,Lunch,Vegetarian,International,None,100 g
Pan Dulce Bread,231,5.9,35.5,7.3,1.4,7.9,0.1,54.2,1.8,64.9,106.92,Breakfast,Vegetarian,International,Gluten,100 g
Pancake Syrup,53,0.0,13.9,0.075,0.0,8.4,0.064,1.0,0.038,1.2,15.031,Lunch,Vegetarian,International,None,100 g
Pancakes,86,2.4,10.8,3.7,0.0,0.0,0.2,83.2,0.7,50.2,100.942,Lunch,Vegetarian,International,None,100 g
Pancakes Whole Wheat,92,3.7,12.9,2.9,1.2,0.0,0.3,110.0,1.4,122.8,132.377,Lunch,Vegetarian,International,Gluten,100 g
Pancakes With Butter Syrup,260,4.1,45.4,7.0,0.0,0.0,0.6,63.8,1.3,125.3,123.319,Breakfast,Vegetarian,International,Milk,100 g
Papaya,62,0.7,15.7,0.4,2.5,11.3,0.004,0.06,0.017,14.5,19.422,Lunch,Vegetarian,International,None,100 g
Papaya Canned,80,0.001,21.8,0.2,0.6,20.4,0.075,8.2,0.1,26.1,32.371,Lunch,Vegetarian,International,None,100 g
Papaya Nectar,143,0.4,36.3,0.4,1.5,34.8,0.082,0.076,0.029,0.0,38.657,Lunch,Vegetarian,International,None,100 g
Paprika,19,1.0,3.7,0.9,2.4,0.7,0.061,0.061,0.061,21.4,8.206,Lunch,Vegetarian,International,None,100 g
Parboiled White Rice Cooked,194,4.6,41.2,0.6,1.4,0.2,0.088,30.0,2.9,88.5,80.7,Lunch,Vegetarian,International,None,100 g
Parboiled White Rice Raw,692,13.9,149.6,1.9,3.3,0.6,0.055,131.4,6.2,321.9,306.3,Lunch,Vegetarian,International,None,100 g
Parmesan Cheese,71,6.4,0.6,4.5,0.0,0.046,0.2,213.1,0.1,16.6,224.777,Breakfast,Vegetarian,International,Milk,100 g
Parmesan Cheese Grated,21,1.4,0.7,1.4,0.0,0.075,0.043,0.012,0.094,31.4,3.745,Breakfast,Vegetarian,International,Milk,100 g
Parsley Dried,1,0.1,0.3,0.096,0.1,0.073,0.058,5.7,0.1,13.4,6.95,Lunch,Vegetarian,International,None,100 g
Parsley Fresh,1,0.1,0.2,0.078,0.1,0.001,0.056,0.013,0.085,2.2,0.509,Lunch,Vegetarian,International,None,100 g
Parsnips Cooked,114,2.1,27.2,0.5,6.4,7.7,0.021,0.065,0.2,110.4,36.576,Lunch,Vegetarian,International,None,100 g
Parsnips Raw,128,2.0,30.6,0.5,8.3,8.2,0.068,0.055,0.2,120.7,41.83,Lunch,Vegetarian,International,None,100 g
Pasilla Peppers Dried,24,0.9,3.6,1.1,1.9,0.0,0.063,6.8,0.7,155.5,15.4,Lunch,Vegetarian,International,None,100 g
Passion Fruit,17,0.4,4.2,0.1,1.9,2.0,0.072,0.03,0.015,12.2,6.667,Lunch,Vegetarian,International,None,100 g
Passion Fruit Juice Purple,148,1.7,35.7,0.4,0.5,35.2,0.084,9.9,0.9,686.7,94.1,Lunch,Vegetarian,International,None,100 g
Passion Fruit Juice Yellow,126,1.0,33.6,0.1,0.5,33.1,0.003,9.9,0.6,686.7,119.3,Lunch,Vegetarian,International,None,100 g
Pasta Cooked,301,11.8,57.3,2.4,0.0,0.0,0.073,13.8,2.6,55.2,87.985,Lunch,Vegetarian,International,None,100 g
Pasta Marinara And Ground Beef Sauce,41,2.5,4.1,1.6,0.5,1.0,0.0,0.0,0.0,0.0,8.7,Lunch,Non-Vegetarian,International,None,100 g
Pasta With Meatballs In Tomato Sauce,273,10.6,28.3,13.0,6.9,7.2,0.7,30.6,3.3,359.6,100.474,Lunch,Vegetarian,International,None,100 g
Pasta With Sliced Franks In Tomato Sauce,227,11.0,32.0,6.0,4.0,8.0,0.7,151.2,2.3,481.3,216.154,Lunch,Vegetarian,International,None,100 g
Pasta With Tomato Sauce,176,5.6,35.1,1.8,2.3,10.1,1.0,0.083,0.1,98.3,45.091,Lunch,Vegetarian,International,None,100 g
Pastrami Beef,104,15.5,0.3,4.1,0.0,0.08,0.8,7.1,1.6,149.1,28.8,Lunch,Non-Vegetarian,International,None,100 g
Pastrami Beef Fat Free,9,1.9,0.1,0.1,0.0,0.0,0.005,0.9,0.3,21.7,6.6,Lunch,Non-Vegetarian,International,None,100 g
Pea Soup,161,8.3,25.6,2.8,4.9,8.3,0.015,31.1,1.9,183.9,76.26,Lunch,Vegetarian,International,None,100 g
Peach,59,1.4,14.3,0.4,2.3,12.6,0.0,0.042,0.1,30.0,18.643,Lunch,Vegetarian,International,None,100 g
Peach Canned,110,1.6,28.9,0.094,3.3,25.7,0.006,15.0,0.7,320.0,58.587,Lunch,Vegetarian,International,None,100 g
Peach Dried,199,3.0,50.8,0.6,7.0,43.8,0.059,23.2,3.4,825.6,97.5,Lunch,Vegetarian,International,None,100 g
Peach Nectar,125,0.5,29.7,1.3,0.2,27.8,0.077,0.0,0.2,12.5,31.949,Lunch,Vegetarian,International,None,100 g
Peach Pie,262,2.2,38.5,11.7,0.9,19.0,0.3,9.4,0.6,146.3,64.447,Lunch,Vegetarian,International,None,100 g
Peanut Bar,209,6.2,19.0,13.5,1.6,16.9,0.059,31.2,0.4,162.8,71.9,Snack,Vegetarian,International,Peanuts,100 g
Peanut Brittle,138,2.1,20.2,5.4,0.7,14.5,0.1,7.6,0.3,47.5,36.343,Snack,Vegetarian,International,Peanuts,100 g
Peanut Butter,88,3.3,3.6,7.4,0.9,1.0,0.085,0.0,0.079,50.3,15.268,Breakfast,Vegetarian,International,"Milk, Peanuts",100 g
Peanut Butter Cookie Protein Syntha 6,200,0.0,5.0,6.0,0.0,0.0,0.0,0.0,0.0,0.0,11.0,Breakfast,Vegetarian,International,"Milk, Peanuts",100 g
Peanut Butter Cookies,95,1.8,11.8,4.8,0.0,0.0,0.1,7.8,0.4,46.2,26.738,Breakfast,Vegetarian,International,"Milk, Peanuts",100 g
Peanut Butter Fudge,62,0.6,12.4,1.1,0.1,11.7,0.085,6.7,0.072,19.0,21.055,Breakfast,Vegetarian,International,"Milk, Peanuts",100 g
Peanut Butter Sandwich Cookies,67,1.2,9.2,3.0,0.3,5.0,0.098,7.4,0.4,26.9,21.624,Breakfast,Vegetarian,International,"Milk, Peanuts",100 g
Peanut Granola Bar,116,2.4,15.0,5.7,0.7,8.2,0.006,9.8,0.6,69.8,34.218,Snack,Vegetarian,International,Peanuts,100 g
Peanut Oil,119,0.0,0.0,13.5,0.0,0.0,0.0,0.0,0.004,0.0,13.575,Snack,Vegetarian,International,Peanuts,100 g
Peanut Spread,101,3.8,2.2,8.5,1.2,0.5,0.028,11.2,0.4,126.8,27.3,Snack,Vegetarian,International,Peanuts,100 g
Peanut Topping Mcdonalds,181,7.9,4.6,15.0,0.0,1.2,0.0,13.0,0.4,179.4,40.9,Snack,Vegetarian,International,Peanuts,100 g
Peanuts Chocolate Coated,21,0.5,2.0,1.3,0.2,1.5,0.063,4.2,0.037,20.1,8.305,Snack,Vegetarian,International,Peanuts,100 g
Peanuts Cooked,572,24.3,38.3,39.6,15.8,4.4,1.4,99.0,1.8,324.0,218.8,Snack,Vegetarian,International,Peanuts,100 g
Peanuts Raw,828,37.7,23.5,71.9,12.4,5.8,0.038,134.3,6.7,1029.3,286.5,Snack,Vegetarian,International,Peanuts,100 g
Peanuts Roasted,180,8.4,4.6,15.8,2.8,1.3,0.069,18.3,0.5,217.8,50.6,Snack,Vegetarian,International,Peanuts,100 g
Pear,101,0.6,27.1,0.2,5.5,17.4,0.07,16.0,0.3,206.5,57.4,Lunch,Vegetarian,International,None,100 g
Pear Canned,38,0.3,9.8,0.001,1.2,7.4,0.088,6.8,0.2,73.0,19.566,Lunch,Vegetarian,International,None,100 g
Pear Dried,94,0.7,25.1,0.2,2.7,22.4,0.074,12.2,0.8,191.9,44.2,Lunch,Vegetarian,International,None,100 g
Pear Nectar,150,0.3,39.4,0.062,1.5,0.0,0.056,0.0,0.2,7.5,41.466,Lunch,Vegetarian,International,None,100 g
Peas Canned,57,3.5,9.5,0.8,0.0,0.0,0.2,0.0,0.091,52.0,13.89,Lunch,Vegetarian,International,None,100 g
Peas Carrots Canned,97,5.5,21.6,0.7,8.4,7.2,0.7,0.059,0.3,117.3,36.729,Lunch,Vegetarian,International,None,100 g
Peas Carrots Cooked,77,4.9,16.2,0.7,5.0,7.0,0.5,36.8,1.5,252.8,78.1,Lunch,Vegetarian,International,None,100 g
Peas Cooked,134,8.6,25.0,0.4,8.8,9.5,0.074,0.011,0.3,187.2,43.499,Lunch,Vegetarian,International,None,100 g
Peas Onions Canned,61,3.9,10.3,0.5,2.8,0.0,0.5,20.4,1.0,115.2,42.5,Lunch,Vegetarian,International,None,100 g
Peas Onions Cooked,81,4.6,15.5,0.4,4.0,6.8,0.5,25.2,1.7,210.6,63.8,Lunch,Vegetarian,International,None,100 g
Peas Raw,117,7.9,21.0,0.6,7.4,8.2,0.017,36.3,2.1,353.8,133.3,Lunch,Vegetarian,International,None,100 g
Pecan Pie,503,6.0,63.7,27.1,0.0,0.0,0.3,39.0,1.8,162.3,137.891,Lunch,Vegetarian,International,None,100 g
Pecan Shortbread Cookies,76,0.7,8.2,4.6,0.3,0.0,0.002,4.2,0.3,10.2,18.349,Lunch,Vegetarian,International,None,100 g
Pecans Raw,753,10.0,15.1,78.4,10.5,4.3,0.0,76.3,2.8,446.9,194.3,Lunch,Vegetarian,International,None,100 g
Pecans Roasted,215,2.8,3.9,22.6,2.9,1.2,0.062,20.1,0.7,117.6,53.2,Lunch,Vegetarian,International,None,100 g
Pectin,163,0.2,45.2,0.2,4.3,0.0,0.1,3.5,1.4,3.5,54.8,Lunch,Vegetarian,International,None,100 g
Pepeao Dried,72,1.2,19.4,0.1,0.0,0.0,0.072,0.0,1.2,27.8,22.1,Lunch,Vegetarian,International,None,100 g
Pepper Hot Sauce,1,0.024,0.031,0.018,0.071,0.065,0.1,0.4,0.035,6.8,4.171,Lunch,Vegetarian,International,None,100 g
Pepper Jack Cheese Lucerne,75,5.0,0.0,6.0,2.5,0.0,0.0,0.0,0.0,0.0,13.5,Breakfast,Vegetarian,International,Milk,100 g
Peppercorn Dressing,76,0.2,0.5,8.2,0.0,0.3,0.1,2.9,0.055,23.6,11.946,Lunch,Vegetarian,International,None,100 g
Peppered Loaf,42,4.9,1.3,1.8,0.0,1.3,0.2,15.4,0.3,112.3,23.7,Lunch,Vegetarian,International,None,100 g
Peppermint,1,0.038,0.2,0.004,0.1,0.0,0.007,0.0,0.078,1.2,0.423,Lunch,Vegetarian,International,None,100 g
Pepperoni Beef,10,0.5,0.0,0.9,0.0,0.0,0.09,0.4,0.035,5.6,1.902,Lunch,Non-Vegetarian,International,None,100 g
Pepperoni Pizza,313,13.0,35.5,13.2,2.6,3.6,0.8,0.05,0.1,219.8,64.836,Lunch,Vegetarian,International,None,100 g
Pepperoni Pizza Dominos,308,12.7,36.0,12.6,2.4,4.2,0.7,159.3,2.6,206.8,226.5,Lunch,Vegetarian,International,None,100 g
Pepperoni Pizza Pizza Hut,269,12.3,30.3,10.9,1.6,3.5,0.8,148.8,2.1,198.7,206.086,Lunch,Vegetarian,International,None,100 g
Pepperpot Soup,100,6.2,9.1,4.5,0.5,0.0,0.9,26.7,0.9,148.2,49.1,Lunch,Vegetarian,International,None,100 g
Perch Cooked,54,11.4,0.0,0.5,0.0,0.0,0.043,46.9,0.5,158.2,60.112,Lunch,Vegetarian,International,None,100 g
Perch Raw,55,11.6,0.0,0.6,0.0,0.0,0.037,48.0,0.5,161.4,61.715,Lunch,Vegetarian,International,None,100 g
Persimmon,32,0.2,8.4,0.1,0.0,0.0,0.024,6.8,0.6,77.5,32.6,Lunch,Vegetarian,International,None,100 g
Pesca,30,0.0,0.0,0.1,0.0,0.0,0.0,0.0,0.0,0.0,0.1,Lunch,Vegetarian,International,None,100 g
Pesca Tea Santal,116,0.0,0.0,0.0,0.0,0.0,0.0,0.0,0.0,0.0,0.0,Lunch,Vegetarian,International,None,100 g
Petite Sirah Red Wine,125,0.1,3.9,0.0,15.7,0.0,0.0,0.0,0.0,0.0,146.4,Lunch,Vegetarian,International,None,100 g
Pheasant Breast Raw,484,88.7,0.0,11.8,0.0,0.0,0.1,10.9,2.9,880.9,136.3,Lunch,Vegetarian,International,None,100 g
Pheasant Meat Raw,1448,181.6,0.0,74.3,0.0,0.0,0.3,96.0,9.2,1944.0,403.9,Lunch,Vegetarian,International,None,100 g
Pickle Pimiento Loaf,86,4.3,3.2,6.1,0.6,3.2,0.4,41.4,0.5,141.0,59.105,Lunch,Vegetarian,International,None,100 g
Pickle Relish,20,0.097,5.3,0.061,0.2,4.4,0.1,0.5,0.1,3.8,6.381,Lunch,Vegetarian,International,None,100 g
Pickled Pork Hocks,48,5.4,0.0,3.0,0.0,0.0,0.3,5.4,0.3,13.3,14.146,Lunch,Non-Vegetarian,International,None,100 g
Picnic Loaf,65,4.2,1.3,4.7,0.0,0.0,0.3,13.2,0.3,74.8,23.7,Lunch,Vegetarian,International,None,100 g
Pie Crust,121,1.5,10.9,8.0,0.4,0.045,0.1,2.3,0.7,15.4,23.8,Lunch,Vegetarian,International,None,100 g
Pigeon Peas Cooked,203,11.4,39.1,0.6,11.3,0.0,0.036,72.2,1.9,645.1,136.5,Lunch,Vegetarian,International,None,100 g
Pigeon Peas Raw,703,44.5,128.7,3.1,30.8,0.0,0.04,266.5,10.7,2853.6,484.3,Lunch,Vegetarian,International,None,100 g
Piki Bread,109,2.5,20.2,2.0,2.6,0.4,0.028,51.5,1.7,169.1,80.5,Breakfast,Vegetarian,International,Gluten,100 g
Pili Nuts Dried,863,13.0,4.8,95.5,0.0,0.0,0.014,174.0,4.2,608.4,292.2,Lunch,Vegetarian,International,None,100 g
Pimento Canned,44,2.1,9.8,0.6,3.6,5.2,0.006,11.5,3.2,303.4,193.8,Lunch,Vegetarian,International,None,100 g
Pimento Cheese,525,31.0,2.4,43.7,0.1,0.9,2.0,859.6,0.6,226.8,940.9,Breakfast,Vegetarian,International,Milk,100 g
Pina Colada,245,0.6,32.0,2.7,0.4,31.5,0.089,0.08,0.1,9.9,35.877,Lunch,Vegetarian,International,None,100 g
Pine Nuts Dried,909,18.5,17.7,92.3,5.0,4.8,0.086,21.6,7.5,806.0,163.7,Lunch,Vegetarian,International,None,100 g
Pineapple,45,0.5,11.8,0.1,1.3,8.9,0.099,0.061,0.091,7.2,13.97,Lunch,Vegetarian,International,None,100 g
Pineapple Cake,367,4.0,58.1,13.9,0.9,0.0,0.4,138.0,1.7,128.8,218.024,Lunch,Vegetarian,International,None,100 g
Pineapple Grapefruit Juice,118,0.5,29.0,0.3,0.3,28.8,0.054,17.5,0.8,152.5,163.4,Lunch,Vegetarian,International,None,100 g
Pineapple Juice,133,0.9,32.2,0.3,0.5,25.0,0.075,0.062,0.2,20.0,34.477,Lunch,Vegetarian,International,None,100 g
Pineapple Orange Juice,125,3.3,29.5,0.0,0.3,29.0,0.069,12.5,0.7,115.0,102.6,Snack,Vegetarian,International,None,100 g
Pineapple Topping,860,0.3,225.8,0.3,1.4,71.4,0.1,20.4,0.4,146.2,259.1,Lunch,Vegetarian,International,None,100 g
Pineapples Canned,28,0.2,7.4,0.05,0.4,6.8,0.06,6.6,0.1,57.3,19.255,Lunch,Vegetarian,International,None,100 g
Pink Beans Cooked,252,15.3,47.2,0.8,9.0,0.6,0.075,0.083,0.5,278.9,73.103,Lunch,Vegetarian,International,None,100 g
Pink Beans Raw,720,44.0,134.8,2.4,26.7,4.5,0.057,273.0,14.2,3074.4,495.1,Lunch,Vegetarian,International,None,100 g
Pink Lady Apple,18,0.1,3.9,0.1,0.0,0.0,0.0,0.0,0.0,0.0,4.1,Snack,Vegetarian,International,None,100 g
Pink Lemonade,86,0.1,21.6,0.3,0.2,20.6,0.01,8.0,0.092,34.0,36.488,Lunch,Vegetarian,International,None,100 g
Pink Lentils Raw,662,47.9,113.6,4.2,20.7,0.0,0.092,78.7,14.5,1109.8,282.9,Lunch,Vegetarian,International,None,100 g
Pink Salmon Canned,530,80.9,0.0,20.4,0.0,0.0,1.7,883.7,2.6,1413.8,987.651,Lunch,Vegetarian,International,None,100 g
Pink Salmon Cooked,349,56.0,0.0,12.0,0.0,0.0,0.2,0.066,0.2,713.6,69.873,Lunch,Vegetarian,International,None,100 g
Pink Salmon Raw,404,65.2,0.0,14.0,0.0,0.0,0.2,22.3,1.2,1163.9,102.8,Lunch,Vegetarian,International,None,100 g
Pinot Blanc White Wine,119,0.1,2.9,0.0,0.0,0.0,0.0,0.0,0.0,0.0,3.0,Lunch,Vegetarian,International,None,100 g
Pinot Gris Grigio White Wine,122,0.1,3.0,0.0,0.0,0.0,0.0,0.0,0.0,0.0,3.1,Lunch,Vegetarian,International,None,100 g
Pinot Noir Red Wine,121,0.1,3.4,0.0,0.0,0.0,0.0,0.0,0.0,0.0,3.5,Lunch,Vegetarian,International,None,100 g
Pinto Beans Canned,197,11.0,36.4,1.3,11.0,2.4,0.6,112.8,3.5,662.4,177.7,Lunch,Vegetarian,International,None,100 g
Pinto Beans Cooked,245,15.4,44.8,1.1,15.4,0.6,0.085,0.097,0.4,251.4,77.502,Lunch,Vegetarian,International,None,100 g
Pinto Beans Raw,670,41.3,120.7,2.4,29.9,4.1,0.036,218.1,9.8,2688.5,434.4,Lunch,Vegetarian,International,None,100 g
Pinyon Pine Nuts Dried,1,0.083,0.01,0.073,0.005,0.0,0.07,0.022,0.007,0.6,0.359,Lunch,Vegetarian,International,None,100 g
Pistachio Nuts Raw,691,24.9,33.8,55.8,12.7,9.4,0.037,129.2,4.8,1260.8,268.1,Lunch,Vegetarian,International,None,100 g
Pistachio Nuts Roasted,172,6.3,8.5,13.7,3.1,2.3,0.008,0.054,0.4,140.7,32.348,Lunch,Vegetarian,International,None,100 g
Pita Bread,165,5.5,33.4,0.7,1.3,0.8,0.3,51.6,1.6,72.0,94.1,Breakfast,Vegetarian,International,Gluten,100 g
Pita Bread Whole Wheat,74,2.7,15.4,0.7,2.1,0.2,0.1,4.2,0.9,47.6,26.0,Breakfast,Vegetarian,International,Gluten,100 g
Pita Chips,137,3.5,20.5,4.6,1.1,1.4,0.3,0.051,0.065,37.2,29.893,Lunch,Vegetarian,International,None,100 g
Pizza Sauce,136,5.5,21.8,2.9,5.0,9.5,0.9,0.0,0.3,126.0,35.8,Lunch,Vegetarian,International,None,100 g
Plantain Chips,150,0.6,18.1,8.4,1.0,0.3,0.039,2.5,0.3,222.4,40.0,Lunch,Vegetarian,International,None,100 g
Plantain Cooked,179,1.2,48.0,0.3,3.5,21.6,0.079,3.1,0.9,716.1,73.8,Lunch,Vegetarian,International,None,100 g
Plantain Fried,16,0.023,2.6,0.6,0.2,0.2,0.065,0.2,0.039,25.5,3.85,Lunch,Vegetarian,International,None,100 g
Plantain Raw,218,2.3,57.1,0.6,3.0,31.3,0.082,5.4,1.0,871.7,102.4,Lunch,Vegetarian,International,None,100 g
Plum,30,0.5,7.5,0.2,0.9,6.5,0.0,0.047,0.056,10.6,9.21,Lunch,Vegetarian,International,None,100 g
Plum Sauce,35,0.2,8.1,0.2,0.1,0.0,0.1,2.3,0.3,49.2,11.246,Lunch,Vegetarian,International,None,100 g
Poached Egg,72,6.3,0.4,4.7,0.0,0.2,0.1,28.0,0.9,69.0,40.398,Breakfast,Non-Vegetarian,International,Egg,100 g
Poi,269,0.9,65.4,0.3,1.0,0.9,0.091,0.022,0.4,93.6,68.761,Lunch,Vegetarian,International,None,100 g
Pokeberry Shoots Cooked,33,3.8,5.1,0.7,2.5,2.6,0.4,87.5,2.0,303.6,236.9,Lunch,Vegetarian,International,None,100 g
Pokeberry Shoots Raw,37,4.2,5.9,0.6,2.7,0.0,0.05,0.0,0.3,70.4,13.9,Lunch,Vegetarian,International,None,100 g
Pollock Cooked,356,75.3,0.0,3.8,0.0,0.0,0.3,232.5,1.8,1377.1,313.428,Lunch,Vegetarian,International,None,100 g
Pollock Raw,355,75.0,0.0,3.8,0.0,0.0,0.3,231.6,1.8,1374.2,312.275,Lunch,Vegetarian,International,None,100 g
Pom Potes Materne,19,0.0,0.2,0.2,0.0,0.068,0.0,0.0,0.0,0.0,0.4,Lunch,Vegetarian,International,None,100 g
Pomegranate,117,2.4,26.4,1.6,5.6,19.3,0.042,0.066,0.2,50.8,36.33,Lunch,Vegetarian,International,None,100 g
Pomegranate Juice,134,0.4,32.7,0.7,0.2,31.5,0.089,27.4,0.2,532.9,61.8,Lunch,Vegetarian,International,None,100 g
Popcorn Air Popped,31,1.0,6.2,0.4,1.2,0.086,0.016,0.6,0.3,26.3,9.7,Lunch,Vegetarian,International,None,100 g
Popcorn Cake,38,1.0,8.0,0.3,0.3,0.001,0.05,0.9,0.2,32.7,10.7,Lunch,Vegetarian,International,None,100 g
Popcorn Oil Popped,64,0.8,5.0,4.8,0.9,0.027,0.018,0.4,0.2,20.0,12.109,Lunch,Vegetarian,International,None,100 g
Popcorn Unpopped,106,3.1,20.9,1.2,3.6,0.3,0.001,1.4,0.9,77.5,31.1,Lunch,Vegetarian,International,None,100 g
Popover Dry Mix,631,17.7,120.7,7.3,0.0,0.0,1.5,54.4,5.0,170.0,205.3,Lunch,Vegetarian,International,None,100 g
Poppy Seeds,46,1.6,2.5,3.7,1.7,0.3,0.079,126.5,0.9,63.3,136.934,Lunch,Vegetarian,International,None,100 g
Poppyseed Dressing,66,0.2,4.0,5.5,0.03,3.9,0.1,9.7,0.048,10.1,19.612,Lunch,Vegetarian,International,None,100 g
Poppyseed Oil,120,0.0,0.0,13.6,0.0,0.0,0.0,0.0,0.0,0.0,13.6,Lunch,Vegetarian,International,None,100 g
Pork Arm Picnic Cooked,5292,560.3,0.0,322.7,0.0,0.0,2.2,360.3,20.7,8039.6,1264.074,Lunch,Non-Vegetarian,International,None,100 g
Pork Arm Picnic Raw,5298,513.6,0.0,343.4,0.0,0.0,2.3,329.4,15.6,11336.9,1202.1,Lunch,Non-Vegetarian,International,None,100 g
Pork Backfat,3683,13.2,0.0,402.3,0.0,0.0,0.064,9.1,0.8,294.8,425.932,Lunch,Non-Vegetarian,International,None,100 g
Pork Backribs Raw,2399,204.2,0.0,174.9,0.0,0.0,0.9,332.0,8.1,2645.4,719.224,Lunch,Non-Vegetarian,International,None,100 g
Pork Backribs Roasted,2564,202.0,0.0,188.9,0.0,0.0,0.8,0.0,0.9,1448.7,397.1,Lunch,Non-Vegetarian,International,None,100 g
Pork Beef Salami,37,2.1,0.076,3.1,0.0,0.008,0.2,0.0,0.042,18.8,5.334,Lunch,Non-Vegetarian,International,None,100 g
Pork Beef Salami Cooked,41,2.7,0.3,3.2,0.0,0.1,0.2,1.8,0.2,38.9,8.2,Lunch,Non-Vegetarian,International,None,100 g
Pork Belly Raw,2350,42.4,0.0,240.5,0.0,0.0,0.1,22.7,2.4,839.2,309.486,Lunch,Non-Vegetarian,International,None,100 g
Pork Blade Chops Cooked,265,32.4,1.1,14.6,0.0,0.0,0.072,10.5,1.2,533.2,59.882,Lunch,Non-Vegetarian,International,None,100 g
Pork Blade Chops Raw,376,55.8,0.0,15.4,0.0,0.0,0.2,78.9,1.9,823.2,152.089,Lunch,Non-Vegetarian,International,None,100 g
Pork Blade Roll Raw,76,4.7,0.0,6.2,0.0,0.0,0.4,2.0,0.2,83.5,13.143,Lunch,Non-Vegetarian,International,None,100 g
Pork Blade Roll Roasted,1079,65.0,1.4,88.3,0.0,0.0,3.7,26.3,3.3,729.4,196.3,Lunch,Non-Vegetarian,International,None,100 g
Pork Blade Steak Braised,694,68.2,0.087,44.7,0.0,0.0,0.4,0.0,0.5,599.3,115.063,Lunch,Non-Vegetarian,International,None,100 g
Pork Blade Steak Raw,664,67.6,0.6,43.7,0.0,0.0,0.6,59.0,3.8,1536.6,174.7,Lunch,Non-Vegetarian,International,None,100 g
Pork Bologna,69,4.3,0.2,5.6,0.0,0.0,0.3,3.1,0.2,78.7,13.4,Lunch,Non-Vegetarian,International,None,100 g
Pork Boston Roast Cooked,705,60.5,0.0,49.4,0.0,0.0,0.2,73.4,3.8,869.8,188.948,Lunch,Non-Vegetarian,International,None,100 g
Pork Boston Steaks Cooked,438,43.2,0.0,28.1,0.0,0.0,0.1,60.8,2.4,550.9,135.049,Lunch,Non-Vegetarian,International,None,100 g
Pork Brain Cooked,527,46.4,0.0,36.3,0.0,0.0,0.3,34.4,7.0,744.9,177.6,Lunch,Non-Vegetarian,International,None,100 g
Pork Breakfast Strips Cooked,52,3.3,0.1,4.1,0.0,0.0,0.2,1.6,0.2,52.7,9.3,Lunch,Non-Vegetarian,International,None,100 g
Pork Breakfast Strips Raw,88,2.7,0.2,8.4,0.0,0.0,0.2,1.8,0.2,46.1,19.4,Lunch,Non-Vegetarian,International,None,100 g
Pork Carcass Raw,1706,63.1,0.0,159.1,0.0,0.0,0.2,86.2,3.1,1147.6,313.327,Lunch,Non-Vegetarian,International,None,100 g
Pork Centre Loin Chops Cooked,328,40.2,0.0,17.4,0.0,0.0,0.065,0.0,0.1,345.4,59.0,Lunch,Non-Vegetarian,International,None,100 g
Pork Centre Loin Chops Raw,338,41.2,0.0,18.0,0.0,0.0,0.1,37.8,1.3,682.6,98.301,Lunch,Non-Vegetarian,International,None,100 g
Pork Centre Rib Roasts Raw,275,44.0,0.0,9.7,0.0,0.0,0.1,48.5,1.2,725.2,103.4,Lunch,Non-Vegetarian,International,None,100 g
Pork Centre Rib Roasts Roasted,1942,211.3,0.0,114.9,0.0,0.0,0.7,0.0,0.7,1800.9,331.5,Lunch,Non-Vegetarian,International,None,100 g
Pork Chitterlings Cooked,66,3.5,0.0,5.8,0.0,0.0,0.078,0.0,0.056,18.7,9.329,Lunch,Non-Vegetarian,International,None,100 g
Pork Country Style Ribs Cooked,235,22.8,0.0,15.2,0.0,0.0,0.049,29.2,1.2,247.7,68.402,Lunch,Non-Vegetarian,International,None,100 g
Pork Country Style Ribs Raw,242,24.8,0.0,15.1,0.0,0.0,0.061,28.2,1.1,407.0,69.223,Lunch,Non-Vegetarian,International,None,100 g
Pork Ears Cooked,184,17.7,0.2,12.0,0.0,0.0,0.2,20.0,1.7,44.4,51.6,Lunch,Non-Vegetarian,International,None,100 g
Pork Egg Roll,189,8.4,25.1,6.1,1.8,4.5,0.3,28.9,1.3,180.2,96.5,Breakfast,Non-Vegetarian,International,Egg,100 g
Pork Feet Cooked,67,6.2,0.0,4.5,0.0,0.0,0.046,0.0,0.3,9.3,11.0,Lunch,Non-Vegetarian,International,None,100 g
Pork Feet Pickled,635,52.8,0.029,45.5,0.0,0.0,4.3,145.2,1.4,59.0,245.019,Lunch,Non-Vegetarian,International,None,100 g
Pork Gravy Powder,25,0.6,4.3,0.6,0.2,1.7,0.4,9.3,0.3,15.7,15.363,Lunch,Non-Vegetarian,International,None,100 g
Pork Heart Cooked,215,34.2,0.6,7.3,0.0,0.0,0.053,10.2,8.5,298.7,63.745,Lunch,Non-Vegetarian,International,None,100 g
Pork Kidneys Cooked,211,35.6,0.0,6.6,0.0,0.0,0.1,18.2,7.4,200.2,82.7,Lunch,Non-Vegetarian,International,None,100 g
Pork Leg Cap Steak Cooked,307,53.5,0.0,8.6,0.0,0.0,0.1,13.6,1.9,710.0,77.6,Lunch,Non-Vegetarian,International,None,100 g
Pork Leg Cap Steak Raw,284,50.0,0.0,7.8,0.0,0.0,0.2,16.2,1.9,843.2,75.9,Lunch,Non-Vegetarian,International,None,100 g
Pork Liver Cooked,584,92.1,13.3,15.6,0.0,0.0,0.2,35.4,63.4,531.0,322.4,Lunch,Non-Vegetarian,International,None,100 g
Pork Loin Cooked,213,24.2,0.0,12.1,0.0,0.0,0.077,18.7,1.0,332.9,56.575,Lunch,Non-Vegetarian,International,None,100 g
Pork Loin Raw,232,23.1,0.0,14.7,0.0,0.0,0.003,21.1,0.9,416.5,60.563,Lunch,Non-Vegetarian,International,None,100 g
Pork Lungs Cooked,297,49.8,0.0,9.3,0.0,0.0,0.2,24.0,49.2,453.0,156.0,Lunch,Non-Vegetarian,International,None,100 g
Pork Meat Cooked,283,14.1,0.0,14.1,0.0,0.0,0.7,10.7,0.7,615.1,39.657,Lunch,Non-Vegetarian,International,None,100 g
Pork Meat Raw,179,2.6,0.0,18.6,0.0,0.0,0.021,4.0,0.07,94.2,25.261,Lunch,Non-Vegetarian,International,None,100 g
Pork Olive Loaf,66,3.3,2.6,4.6,0.0,0.0,0.3,30.5,0.2,83.2,41.265,Lunch,Non-Vegetarian,International,None,100 g
Pork Pancreas Cooked,537,69.8,0.0,26.5,0.0,0.0,0.1,39.2,6.6,411.6,156.1,Lunch,Non-Vegetarian,International,None,100 g
Pork Salami,41,2.3,0.2,3.4,0.0,0.0,0.2,1.3,0.1,37.8,7.3,Lunch,Non-Vegetarian,International,None,100 g
Pork Shoulder Cooked,394,31.4,0.0,28.9,0.0,0.0,0.001,32.4,1.8,444.2,95.226,Lunch,Non-Vegetarian,International,None,100 g
Pork Shoulder Raw,1070,77.9,0.0,81.6,0.0,0.0,0.3,68.0,4.8,1369.9,235.572,Lunch,Non-Vegetarian,International,None,100 g
Pork Sirloin Chops Cooked,140,23.3,0.0,4.5,0.0,0.0,0.001,0.0,0.012,238.6,28.239,Lunch,Non-Vegetarian,International,None,100 g
Pork Sirloin Chops Raw,1090,205.5,0.0,23.3,0.0,0.0,0.6,81.1,5.0,3189.5,314.931,Lunch,Non-Vegetarian,International,None,100 g
Pork Skin,154,17.3,0.0,8.9,0.0,0.0,0.5,8.5,0.2,35.9,35.03,Lunch,Non-Vegetarian,International,None,100 g
Pork Spareribs Cooked,703,51.4,0.0,53.6,0.0,0.0,0.2,83.2,3.3,566.4,191.598,Lunch,Non-Vegetarian,International,None,100 g
Pork Spareribs Raw,3593,200.6,0.0,303.5,0.0,0.0,1.1,194.6,11.8,3138.7,710.5,Lunch,Non-Vegetarian,International,None,100 g
Pork Splean Cooked,446,84.3,0.0,9.6,0.0,0.0,0.3,38.9,66.5,678.7,234.0,Lunch,Non-Vegetarian,International,None,100 g
Pork Stomach Cooked,44,6.1,0.029,2.1,0.0,0.0,0.035,4.2,0.3,24.1,12.779,Lunch,Non-Vegetarian,International,None,100 g
Pork Tail Cooked,1089,46.8,0.0,98.5,0.0,0.0,0.093,38.5,2.2,431.8,186.0,Lunch,Non-Vegetarian,International,None,100 g
Pork Tamale,247,10.4,22.4,12.8,3.4,0.7,0.7,106.5,1.2,215.8,156.766,Lunch,Non-Vegetarian,International,None,100 g
Pork Tenderloin Cooked,153,22.7,0.0,6.2,0.0,0.0,0.091,3.8,1.1,337.4,34.679,Lunch,Non-Vegetarian,International,None,100 g
Pork Tenderloin Raw,606,104.3,0.0,17.8,0.0,0.0,0.3,30.3,4.9,1984.7,157.3,Lunch,Non-Vegetarian,International,None,100 g
Pork Tongue Cooked,626,55.7,0.0,43.0,0.0,0.0,0.3,43.9,11.5,547.5,158.0,Lunch,Non-Vegetarian,International,None,100 g
Pork Top Loin Chops Cooked,270,39.4,0.0,11.2,0.0,0.0,0.064,0.0,0.1,298.4,51.481,Lunch,Non-Vegetarian,International,None,100 g
Pork Top Loin Chops Raw,287,39.9,0.0,12.8,0.0,0.0,0.099,13.0,0.9,690.1,66.684,Lunch,Non-Vegetarian,International,None,100 g
Pork Top Loin Roasts Raw,3644,468.4,0.0,182.8,0.0,0.0,1.0,153.7,11.6,7858.1,816.574,Lunch,Non-Vegetarian,International,None,100 g
Pork Top Loin Roasts Roasted,1628,224.3,0.0,74.8,0.0,0.0,0.4,0.0,0.7,1891.0,306.4,Lunch,Non-Vegetarian,International,None,100 g
Port Salut Cheese,465,31.4,0.8,37.2,0.0,0.8,0.7,858.0,0.6,179.5,928.4,Breakfast,Vegetarian,International,Milk,100 g
Portabella Mushrooms Grilled,35,4.0,5.4,0.7,2.7,2.7,0.047,0.0,0.5,163.4,13.4,Lunch,Vegetarian,International,None,100 g
Portabella Mushrooms Raw,19,1.8,3.3,0.3,1.1,2.2,0.014,2.6,0.3,313.0,9.4,Lunch,Vegetarian,International,None,100 g
Porterhouse Steak Cooked,235,20.4,0.0,16.4,0.0,0.0,0.085,6.0,2.5,254.2,45.3,Lunch,Vegetarian,International,None,100 g
Porterhouse Steak Raw,1170,81.6,0.0,91.1,0.0,0.0,0.2,27.2,8.8,1338.1,208.7,Lunch,Vegetarian,International,None,100 g
Potato Bread,85,4.0,15.1,1.0,2.0,3.0,0.1,0.072,0.072,118.1,22.272,Breakfast,Vegetarian,International,Gluten,100 g
Potato Chips,161,2.1,15.9,10.4,1.4,0.007,0.021,7.2,0.5,382.5,46.8,Lunch,Vegetarian,International,None,100 g
Potato Chips Barbecue,970,15.2,104.5,64.2,8.7,14.0,1.3,99.0,3.8,2496.8,362.5,Lunch,Vegetarian,International,None,100 g
Potato Chips Cheese,843,14.5,98.1,46.2,8.8,0.0,0.8,122.4,3.1,2597.6,385.109,Breakfast,Vegetarian,International,Milk,100 g
Potato Chips Fat Free,860,21.9,190.1,1.4,17.0,8.4,1.5,79.5,8.1,3695.6,339.1,Lunch,Vegetarian,International,None,100 g
Potato Chips Reduced Fat,801,12.1,113.7,35.4,10.0,0.4,0.8,35.7,2.3,2964.8,252.9,Lunch,Vegetarian,International,None,100 g
Potato Chips Sour Cream And Onion,1051,16.0,102.0,67.1,10.3,0.0,1.1,142.6,3.2,2635.4,415.171,Lunch,Vegetarian,International,None,100 g
Potato Cooked,52,1.1,12.1,0.006,1.2,0.5,0.035,3.0,0.2,227.4,25.487,Lunch,Vegetarian,International,None,100 g
Potato Flour,571,11.0,133.0,0.5,9.4,5.6,0.042,0.0,0.3,268.8,155.4,Lunch,Vegetarian,International,None,100 g
Potato Gratin,328,12.4,27.6,18.6,4.4,0.0,1.1,291.6,1.6,970.2,380.7,Lunch,Vegetarian,International,None,100 g
Potato Ham Chowder Soup,192,6.5,13.4,12.5,1.4,0.0,0.9,0.0,1.7,0.0,35.5,Lunch,Vegetarian,International,None,100 g
Potato Pancake,59,1.3,6.1,3.2,0.7,0.4,0.2,7.0,0.4,136.8,24.864,Lunch,Vegetarian,International,None,100 g
Potato Puffs,243,2.6,35.5,11.0,3.2,0.3,0.6,17.9,0.8,399.4,79.1,Lunch,Vegetarian,International,None,100 g
Potato Raw,164,4.3,37.2,0.2,4.7,1.7,0.072,25.6,1.7,896.7,115.7,Lunch,Vegetarian,International,None,100 g
Potato Salad,358,6.7,27.9,20.5,3.3,0.0,1.3,47.5,1.6,635.0,132.547,Lunch,Vegetarian,International,None,100 g
Potato Salad With Egg,393,4.9,40.5,23.5,3.3,12.4,0.8,37.5,1.3,605.0,113.038,Breakfast,Non-Vegetarian,International,Egg,100 g
Potato Scalloped,216,7.0,26.4,9.0,4.7,0.0,0.8,139.7,1.4,926.1,214.2,Lunch,Vegetarian,International,None,100 g
Potato Skin Raw,22,1.0,4.7,0.099,1.0,0.0,0.053,11.4,1.2,156.9,23.697,Lunch,Vegetarian,International,None,100 g
Potato Sticks,188,2.4,19.2,12.4,1.2,0.006,0.2,6.5,0.8,445.3,59.5,Lunch,Vegetarian,International,None,100 g
Potato Wedges Kentucky Fried Chicken,379,5.4,45.0,19.8,4.2,0.0,1.0,34.8,1.4,699.5,110.6,Lunch,Non-Vegetarian,International,None,100 g
Potatoes Canned,132,3.6,29.7,0.3,4.2,0.0,0.7,117.0,2.2,615.0,179.8,Lunch,Vegetarian,International,None,100 g
Poultry Salad,26,1.5,1.0,1.8,0.0,0.0,0.079,1.3,0.097,23.8,5.781,Lunch,Vegetarian,International,None,100 g
Poultry Seasoning,14,0.4,2.9,0.3,0.5,0.1,0.063,43.8,1.6,30.1,50.0,Lunch,Vegetarian,International,None,100 g
Pound Cake,116,1.7,14.6,6.0,0.2,0.0,0.1,10.5,0.4,35.7,33.47,Lunch,Vegetarian,International,None,100 g
Pound Cake Bread,215,3.9,28.2,9.6,0.9,10.0,0.2,25.3,1.2,115.5,69.1,Breakfast,Vegetarian,International,Gluten,100 g
Pout Cooked,279,58.4,0.0,3.2,0.0,0.0,0.2,35.6,1.0,1405.6,98.207,Lunch,Vegetarian,International,None,100 g
Pout Raw,278,58.6,0.0,3.2,0.0,0.0,0.2,35.2,1.0,1408.0,98.078,Lunch,Vegetarian,International,None,100 g
Powerade Coca Cola,9,0.0,2.3,0.009,0.0,1.8,0.005,0.3,0.096,5.3,2.671,Lunch,Vegetarian,International,None,100 g
Powerade Zero Ion4 Coca Cola,0,0.0,0.0,0.0,0.0,0.0,0.03,0.6,0.072,3.0,1.393,Lunch,Vegetarian,International,None,100 g
Prairie Turnips Boiled,18,0.2,4.2,0.086,1.0,0.7,0.012,14.4,0.1,15.1,20.299,Lunch,Vegetarian,International,None,100 g
Prairie Turnips Raw,20,0.3,4.5,0.029,1.0,0.1,0.059,16.5,0.2,19.8,23.255,Lunch,Vegetarian,International,None,100 g
Praline,189,1.3,23.2,10.1,1.4,21.8,0.016,16.8,0.5,84.6,53.4,Lunch,Vegetarian,International,None,100 g
Premium Crispy Chicken Classic Sandwich Mcdonalds,524,27.8,58.6,20.0,3.2,12.4,1.0,78.2,3.3,522.1,196.9,Lunch,Non-Vegetarian,International,None,100 g
Premium Crispy Chicken Club Sandwich Mcdonalds,635,39.1,57.4,29.9,3.0,12.7,1.2,233.7,3.4,0.0,376.2,Lunch,Non-Vegetarian,International,None,100 g
Premium Crispy Chicken Ranch Blt Sandwich Mcdonalds,586,35.3,59.8,22.9,3.4,13.3,1.2,84.0,3.4,0.0,219.1,Lunch,Non-Vegetarian,International,None,100 g
Premium Fish Sandwich Burger King,572,22.6,58.7,27.4,2.0,7.8,1.3,81.4,3.3,453.2,195.8,Lunch,Non-Vegetarian,International,None,100 g
Premium Grilled Chicken Classic Sandwich Mcdonalds,366,28.3,44.6,8.6,2.8,10.0,0.8,74.0,3.0,456.0,167.718,Lunch,Non-Vegetarian,International,None,100 g
Premium Grilled Chicken Club Sandwich Mcdonalds,493,38.3,44.3,18.0,2.7,6.4,1.0,211.9,3.1,0.0,328.1,Lunch,Non-Vegetarian,International,None,100 g
Premium Grilled Chicken Ranch Blt Sandwich Mcdonalds,412,33.7,44.3,10.9,2.8,10.5,1.0,76.8,3.0,0.0,181.4,Lunch,Non-Vegetarian,International,None,100 g
Pretzels,115,3.0,24.1,0.9,1.0,0.7,0.4,0.01,0.08,38.4,29.214,Lunch,Vegetarian,International,None,100 g
Prickly Pear,42,0.8,9.9,0.5,3.7,0.0,0.044,0.0,0.051,24.7,14.977,Lunch,Vegetarian,International,None,100 g
Prickly Pear Cooked,7,0.091,1.6,0.043,0.0,0.0,0.0,0.0,0.0,0.0,2.226,Lunch,Vegetarian,International,None,100 g
Prickly Pear Raw,8,0.001,1.9,0.072,1.0,0.2,0.065,34.2,0.021,24.7,39.263,Lunch,Vegetarian,International,None,100 g
Profeel Proteiinirahka Valio,140,175.0,19.3,0.4,0.0,0.2,0.0,0.0,0.0,0.0,194.7,Lunch,Vegetarian,International,None,100 g
Protein Bread,47,2.3,8.3,0.4,0.6,0.3,0.008,23.6,0.8,61.2,36.0,Breakfast,Vegetarian,International,Gluten,100 g
Protein Bread Toasted,46,2.2,8.2,0.4,0.6,0.2,0.049,23.1,0.8,58.8,35.3,Breakfast,Vegetarian,International,Gluten,100 g
Provolone Cheese,463,33.8,2.8,35.1,0.0,0.7,1.2,997.9,0.7,182.2,1070.6,Breakfast,Vegetarian,International,Milk,100 g
Provolone Cheese Reduced Fat,310,27.9,4.0,19.9,0.0,0.6,1.0,854.3,0.6,155.9,906.9,Breakfast,Vegetarian,International,Milk,100 g
Prune Juice,182,1.6,44.7,0.006,2.6,42.1,0.1,30.7,3.0,706.6,93.105,Lunch,Vegetarian,International,None,100 g
Prune Plums Canned,27,0.2,7.0,0.075,0.4,6.5,0.055,4.6,0.2,70.8,13.728,Lunch,Vegetarian,International,None,100 g
Prune Plums Dried,308,2.7,81.5,0.5,9.4,0.0,0.011,52.1,2.6,773.8,155.5,Lunch,Vegetarian,International,None,100 g
Prune Puree,46,0.4,11.7,0.02,0.6,7.0,0.036,0.0,0.0,13.0,12.709,Lunch,Vegetarian,International,None,100 g
Prunes,237,2.6,62.3,0.5,0.0,0.0,0.076,50.4,2.5,740.6,118.3,Lunch,Vegetarian,International,None,100 g
Prunes Canned,246,2.0,65.1,0.5,8.9,0.0,0.044,39.8,1.0,528.8,123.9,Lunch,Vegetarian,International,None,100 g
Prunes Stewed,316,3.4,83.2,0.7,0.0,0.0,0.039,67.2,3.3,988.4,157.8,Lunch,Vegetarian,International,None,100 g
Puff Pastry,1367,18.1,112.0,94.3,3.7,1.8,0.6,24.5,6.4,151.9,259.0,Lunch,Vegetarian,International,None,100 g
Puffed Rice,153,2.4,34.1,0.2,0.6,0.0,0.053,2.3,12.0,42.9,51.6,Lunch,Vegetarian,International,None,100 g
Pulled Pork In Barbecue Sauce,418,32.8,46.7,11.0,3.0,37.8,1.7,109.6,3.1,759.5,206.7,Lunch,Non-Vegetarian,International,None,100 g
Pummelo,48,1.0,12.0,0.06,1.3,0.0,0.094,0.0,0.097,21.3,14.376,Lunch,Vegetarian,International,None,100 g
Pumpernickel Bread,65,2.3,12.4,0.8,1.7,0.1,0.2,17.7,0.7,54.1,35.6,Breakfast,Vegetarian,International,Gluten,100 g
Pumpernickel Bread Toasted,80,2.8,15.1,1.0,2.1,0.2,0.2,21.5,0.9,66.1,43.4,Breakfast,Vegetarian,International,Gluten,100 g
Pumpernickel Roll,77,3.0,14.8,0.8,1.5,0.1,0.1,18.8,0.8,58.2,39.7,Lunch,Vegetarian,International,None,100 g
Pumpkin Canned,83,2.7,19.8,0.7,7.1,8.1,0.6,63.7,3.4,504.7,107.7,Lunch,Vegetarian,International,None,100 g
Pumpkin Cooked,49,1.8,12.0,0.2,2.7,5.1,0.006,0.098,0.2,73.5,17.005,Lunch,Vegetarian,International,None,100 g
Pumpkin Flowers Cooked,20,1.5,4.4,0.1,1.2,3.2,0.082,49.6,1.2,142.0,64.7,Lunch,Vegetarian,International,None,100 g
Pumpkin Flowers Raw,5,0.3,1.1,0.084,0.0,0.0,0.066,12.9,0.2,57.1,23.71,Lunch,Vegetarian,International,None,100 g
Pumpkin Leaves Cooked,15,1.9,2.4,0.2,1.9,0.5,0.2,30.5,2.3,311.0,39.9,Lunch,Vegetarian,International,None,100 g
Pumpkin Leaves Raw,7,1.2,0.9,0.2,0.0,0.0,0.057,15.2,0.9,170.0,22.7,Lunch,Vegetarian,International,None,100 g
Pumpkin Pie,316,7.0,40.9,14.4,0.0,0.0,0.3,145.7,2.0,288.3,212.686,Lunch,Vegetarian,International,None,100 g
Pumpkin Raw,30,1.2,7.5,0.1,0.6,3.2,0.062,24.4,0.9,394.4,45.1,Lunch,Vegetarian,International,None,100 g
Pumpkin Seed Sunfish Cooked,42,9.2,0.0,0.3,0.0,0.0,0.046,38.1,0.6,166.1,48.674,Lunch,Vegetarian,International,None,100 g
Pumpkin Seed Sunfish Raw,43,9.3,0.0,0.3,0.0,0.0,0.06,38.4,0.6,168.0,49.154,Lunch,Vegetarian,International,None,100 g
Pumpkin Squash Seeds Dried,721,39.0,13.8,63.3,7.7,1.8,0.013,59.3,11.4,1043.6,197.0,Lunch,Vegetarian,International,None,100 g
Pumpkin Squash Seeds Roasted,46,2.4,1.2,3.9,0.5,0.1,0.045,4.2,0.6,63.0,12.9,Lunch,Vegetarian,International,None,100 g
Pupusas Con Frijoles,289,7.0,39.7,11.4,7.3,1.6,0.4,64.3,1.8,384.3,131.5,Lunch,Vegetarian,International,None,100 g
Pupusas Con Queso,300,13.7,26.2,15.5,3.4,1.4,0.5,380.3,0.7,140.4,439.9,Lunch,Vegetarian,International,None,100 g
Pupusas Del Cerdo,283,14.0,28.1,12.7,3.2,1.8,0.5,59.8,1.2,311.1,119.087,Lunch,Vegetarian,International,None,100 g
Purslane Cooked,21,1.7,4.1,0.2,0.0,0.0,0.3,89.7,0.9,561.2,108.7,Lunch,Vegetarian,International,None,100 g
Purslane Raw,9,0.9,1.5,0.2,0.0,0.0,0.066,28.0,0.9,212.4,40.5,Lunch,Vegetarian,International,None,100 g
Quail Egg,14,1.2,0.08,1.0,0.0,0.048,0.042,5.8,0.3,11.9,8.343,Breakfast,Non-Vegetarian,International,Egg,100 g
Quail Meat Cooked,1028,113.7,0.0,63.9,0.0,0.0,0.2,68.0,20.1,978.5,276.4,Lunch,Vegetarian,International,None,100 g
Quarter Pounder Mcdonalds,417,24.1,37.9,19.8,2.7,8.8,0.7,143.6,4.1,388.2,233.7,Lunch,Vegetarian,International,None,100 g
Quarter Pounder With Cheese Mcdonalds,513,29.0,39.7,28.3,2.8,9.8,1.2,286.6,4.2,435.8,392.2,Breakfast,Vegetarian,International,Milk,100 g
Queen Crab Cooked,98,20.2,0.0,1.3,0.0,0.0,0.6,28.1,2.4,170.0,58.197,Lunch,Non-Vegetarian,International,None,100 g
Queen Crab Raw,25,5.2,0.0,0.3,0.0,0.0,0.2,7.4,0.7,49.0,15.607,Lunch,Non-Vegetarian,International,None,100 g
Quesadilla With Chicken,529,27.1,43.3,27.5,3.1,3.4,1.3,484.2,3.2,329.4,588.7,Lunch,Non-Vegetarian,International,None,100 g
Queso Blanco Cheese,366,24.0,3.0,28.7,0.0,2.1,0.8,814.2,0.2,148.7,870.3,Breakfast,Vegetarian,International,Milk,100 g
Queso Fresco Cheese,365,22.1,3.6,29.1,0.0,2.8,0.9,690.5,0.2,157.4,745.8,Breakfast,Vegetarian,International,Milk,100 g
Queso Seco Cheese,315,23.8,2.0,23.6,0.0,0.5,1.8,641.2,0.2,112.5,691.0,Breakfast,Vegetarian,International,Milk,100 g
Quince,52,0.4,14.1,0.012,1.7,0.0,0.081,0.0,0.1,15.6,16.436,Lunch,Vegetarian,International,None,100 g
Quinoa Cooked,222,8.1,39.4,3.6,5.2,1.6,0.026,31.5,2.8,318.2,90.6,Lunch,Vegetarian,International,None,100 g
Quinoa Dry,221,8.5,38.5,3.6,4.2,0.0,0.026,28.2,2.7,337.8,85.7,Lunch,Vegetarian,International,None,100 g
Radicchio,15,0.9,2.9,0.2,0.6,0.4,0.033,12.4,0.4,196.3,22.6,Lunch,Vegetarian,International,None,100 g
Radish Pickled,42,1.7,7.8,0.5,3.3,3.0,1.2,42.0,0.3,499.5,55.6,Lunch,Vegetarian,International,None,100 g
Radish Raw,1,0.042,0.2,0.026,0.002,0.066,0.033,0.002,0.052,0.9,0.556,Lunch,Vegetarian,International,None,100 g
Radish Seeds Sprouted,16,1.4,1.4,1.0,0.0,0.0,0.067,19.4,0.3,32.7,34.5,Lunch,Vegetarian,International,None,100 g
Rainbow Smelt Cooked,35,6.4,0.0,0.9,0.0,0.0,0.047,21.8,0.3,105.3,29.428,Lunch,Vegetarian,International,None,100 g
Rainbow Smelt Raw,27,5.0,0.0,0.7,0.0,0.0,0.019,17.0,0.3,82.1,23.004,Lunch,Vegetarian,International,None,100 g
Rainbow Trout Cooked,119,16.9,0.0,5.2,0.0,0.0,0.041,0.003,0.093,191.7,22.557,Lunch,Vegetarian,International,None,100 g
Rainbow Trout Raw,111,15.8,0.0,4.9,0.0,0.0,0.022,19.8,0.2,297.8,43.047,Lunch,Vegetarian,International,None,100 g
Raisin Bran Crunch Kelloggs,90,1.9,21.2,0.5,0.0,9.0,0.0,0.0,0.0,0.0,23.6,Lunch,Vegetarian,International,None,100 g
Raisin Bread,88,2.5,16.7,1.4,1.4,1.8,0.1,21.1,0.9,72.6,44.09,Breakfast,Vegetarian,International,Gluten,100 g
Raisin Bread Toasted,86,2.5,16.5,1.4,1.4,1.8,0.1,20.9,0.9,71.3,43.7,Breakfast,Vegetarian,International,Gluten,100 g
Raisin Cookies,60,0.6,10.2,2.0,0.2,7.1,0.077,6.9,0.3,21.0,20.215,Lunch,Vegetarian,International,None,100 g
Raisins,90,1.0,23.8,0.056,1.4,19.6,0.025,0.068,0.018,29.4,26.474,Lunch,Vegetarian,International,None,100 g
Raisins Chocolate Coated,390,4.1,68.4,14.8,3.1,62.2,0.021,86.0,1.7,514.0,178.329,Lunch,Vegetarian,International,None,100 g
Raisins Seeded,488,4.2,129.5,0.9,11.2,0.0,0.098,46.2,4.3,1361.3,205.2,Lunch,Vegetarian,International,None,100 g
Rambutan Canned,175,1.4,44.7,0.4,1.9,0.0,0.051,47.1,0.7,89.9,106.7,Lunch,Vegetarian,International,None,100 g
Ramen Noodle Soup Dry,371,8.9,53.9,13.3,2.0,1.3,1.7,24.7,3.4,152.2,106.5,Lunch,Vegetarian,International,None,100 g
Ranch Dressing,65,0.2,0.9,6.7,0.0,0.7,0.1,0.024,0.085,27.9,8.046,Lunch,Vegetarian,International,None,100 g
Ranch Dressing Fat Free,17,0.039,3.7,0.3,0.088,0.7,0.1,7.0,0.1,15.5,11.204,Lunch,Vegetarian,International,None,100 g
Ranch Dressing Reduced Fat,29,0.2,3.2,1.9,0.2,0.6,0.2,6.0,0.1,19.8,11.727,Lunch,Vegetarian,International,None,100 g
Ranch Flavor Tortilla Chips,992,14.2,124.2,48.8,7.9,6.0,1.0,265.3,2.7,512.8,463.1,Lunch,Vegetarian,International,None,100 g
Raspberries,5,0.1,1.2,0.034,0.7,0.4,0.054,0.031,0.034,2.9,2.207,Lunch,Vegetarian,International,None,100 g
Raspberries Canned,233,2.1,59.8,0.3,8.4,51.4,0.013,28.2,1.1,240.6,122.2,Lunch,Vegetarian,International,None,100 g
Red Cabbage Cooked,49,2.6,11.8,0.2,4.4,5.6,0.047,0.049,0.032,56.1,19.534,Lunch,Vegetarian,International,None,100 g
Red Cabbage Raw,53,2.4,12.5,0.3,3.6,6.5,0.079,76.5,1.4,413.1,193.6,Lunch,Vegetarian,International,None,100 g
Red Chili Peppers,18,0.8,4.0,0.2,0.7,2.4,0.03,6.3,0.5,144.9,77.2,Lunch,Vegetarian,International,None,100 g
Red Lettuce,4,0.4,0.6,0.08,0.3,0.1,0.057,0.021,0.093,7.8,1.595,Lunch,Vegetarian,International,None,100 g
Red Peppers Canned,15,0.7,3.7,0.058,0.9,2.4,0.9,5.1,0.4,136.5,60.443,Lunch,Vegetarian,International,None,100 g
Red Potato Baked,74,2.0,16.7,0.1,1.5,1.2,0.037,0.075,0.1,61.2,20.689,Lunch,Vegetarian,International,None,100 g
Red Potato Raw,149,4.0,33.9,0.3,3.6,2.7,0.02,21.3,1.6,969.2,83.0,Lunch,Vegetarian,International,None,100 g
Red Salmon Sockeye Filets Smoked,373,65.5,0.0,12.3,0.0,0.0,0.065,62.6,1.1,1036.8,141.587,Lunch,Vegetarian,International,None,100 g
Red White Currants,63,1.6,15.5,0.2,4.8,8.3,0.056,37.0,1.1,308.0,106.1,Lunch,Vegetarian,International,None,100 g
Red Wine,125,0.1,3.8,0.0,0.0,0.9,0.027,11.8,0.7,186.7,16.4,Lunch,Vegetarian,International,None,100 g
Red Wine Vinegar,3,0.055,0.011,0.0,0.0,0.0,0.092,0.9,0.049,5.8,1.221,Lunch,Vegetarian,International,None,100 g
Refried Red Beans,336,11.7,36.0,16.1,11.0,0.0,0.9,76.9,4.5,722.3,156.2,Lunch,Vegetarian,International,None,100 g
Requeijao Cremoso Light Catupiry,49,0.8,0.9,3.6,0.1,3.4,0.0,0.0,0.0,0.0,5.4,Lunch,Vegetarian,International,None,100 g
Rhubarb Cooked,278,0.9,74.9,0.1,4.8,68.9,0.007,0.081,0.024,19.2,80.893,Lunch,Vegetarian,International,None,100 g
Rhubarb Raw,11,0.5,2.3,0.1,0.9,0.6,0.058,0.058,0.018,7.1,4.017,Lunch,Vegetarian,International,None,100 g
Rib Eye Steak Grilled,680,62.4,0.0,47.7,0.0,0.0,0.1,30.1,6.0,700.3,146.262,Lunch,Vegetarian,International,None,100 g
Rib Eye Steak Raw,743,62.8,0.4,54.5,0.0,0.0,0.2,26.1,5.9,802.0,149.722,Lunch,Vegetarian,International,None,100 g
Rice Bowl With Chicken,36,1.6,6.4,0.4,0.2,1.2,0.064,3.7,0.008,34.8,13.178,Lunch,Non-Vegetarian,International,None,100 g
Rice Bran,373,15.8,58.6,24.6,24.8,1.1,0.036,67.3,21.9,1752.3,213.0,Lunch,Vegetarian,International,None,100 g
Rice Bran Bread,66,2.4,11.7,1.2,1.3,1.3,0.081,18.6,1.0,58.1,36.2,Breakfast,Vegetarian,International,Gluten,100 g
Rice Bran Bread Toasted,66,2.4,11.8,1.3,1.3,1.3,0.026,18.8,1.0,53.0,36.6,Breakfast,Vegetarian,International,Gluten,100 g
Rice Bran Oil,120,0.0,0.0,13.6,0.0,0.0,0.0,0.0,0.001,0.0,13.689,Lunch,Vegetarian,International,None,100 g
Rice Cracker Cake,111,2.0,23.0,1.2,1.2,0.2,0.097,3.1,0.4,121.1,30.9,Lunch,Vegetarian,International,None,100 g
Rice Crisps,107,1.8,24.1,0.4,0.2,2.3,0.2,1.4,2.9,30.2,43.9,Lunch,Vegetarian,International,None,100 g
Rice Drink,113,0.7,22.0,2.3,0.7,12.7,0.058,0.078,0.013,134.4,25.883,Lunch,Vegetarian,International,None,100 g
Rice Flour Brown,574,11.4,120.8,4.4,7.3,1.3,0.039,17.4,3.1,456.6,164.4,Lunch,Vegetarian,International,None,100 g
Rice Flour White,578,9.4,126.6,2.2,3.8,0.2,0.0,15.8,0.6,120.1,158.4,Lunch,Vegetarian,International,None,100 g
Rice Noodles Cooked,190,3.2,42.3,0.4,1.8,0.052,0.075,7.0,0.2,7.0,54.9,Lunch,Vegetarian,International,None,100 g
Rice Noodles Dry,103,1.0,23.6,0.2,0.5,0.0,0.006,5.1,0.2,8.5,30.6,Lunch,Vegetarian,International,None,100 g
Rice Pilaf Cooked,352,7.0,61.1,8.8,1.4,0.6,1.0,69.0,2.0,164.2,149.399,Lunch,Vegetarian,International,None,100 g
Rice Pilaf Raw,732,21.3,155.7,2.8,2.4,3.1,2.7,169.3,5.0,383.5,356.56,Lunch,Vegetarian,International,None,100 g
Rice Pudding,122,3.6,20.8,2.4,0.3,13.1,0.1,0.063,0.014,92.7,27.329,Lunch,Vegetarian,International,None,100 g
Rice Sake,197,0.7,7.4,0.0,0.0,0.0,0.046,7.4,0.1,36.8,15.6,Lunch,Vegetarian,International,None,100 g
Rice Wheat Cereal Bar,90,2.0,16.0,2.0,0.4,7.0,0.1,6.8,0.6,31.5,27.8,Breakfast,Vegetarian,International,Gluten,100 g
Ricotta Cheese,30,1.5,1.5,2.0,0.0,0.091,0.017,0.097,0.097,30.8,5.196,Breakfast,Vegetarian,International,Milk,100 g
Riesling White Wine,118,0.1,5.5,0.0,0.0,0.0,0.0,0.0,0.0,0.0,5.6,Lunch,Vegetarian,International,None,100 g
Roast Beef Sandwich,364,22.6,33.1,15.3,1.9,5.7,1.0,0.039,0.1,298.0,73.951,Lunch,Non-Vegetarian,International,None,100 g
Roast Beef Sandwich With Cheese,473,32.2,45.4,18.0,0.0,0.0,1.6,183.0,5.1,345.0,283.72,Breakfast,Non-Vegetarian,International,Milk,100 g
Rockfish Cooked,162,33.1,0.0,2.4,0.0,0.0,0.1,0.0,0.046,369.5,35.955,Lunch,Vegetarian,International,None,100 g
Rockfish Raw,172,35.1,0.0,2.6,0.0,0.0,0.1,26.7,0.6,737.3,65.002,Lunch,Vegetarian,International,None,100 g
Roe Cooked,58,8.1,0.5,2.3,0.0,0.0,0.055,7.9,0.2,80.1,23.609,Lunch,Vegetarian,International,None,100 g
Roe Raw,20,3.1,0.2,0.9,0.0,0.0,0.052,3.1,0.085,30.9,9.553,Lunch,Vegetarian,International,None,100 g
Roggenmischbrot Sonnenblumenkerne Aldi,82,0.0,0.0,3.1,0.0,0.0,0.0,0.0,0.0,0.0,3.1,Lunch,Vegetarian,International,None,100 g
Rolo Nestle,24,0.009,0.2,1.0,0.0,0.078,0.0,0.0,0.0,0.0,1.234,Lunch,Vegetarian,International,None,100 g
Romaine Lettuce,8,0.6,1.5,0.1,1.0,0.6,0.083,15.5,0.5,116.1,21.1,Lunch,Vegetarian,International,None,100 g
Romanesco Cooked,39,3.7,7.7,0.4,4.0,0.0,0.3,39.0,0.9,339.2,144.3,Lunch,Vegetarian,International,None,100 g
Romanesco Raw,20,1.9,3.9,0.2,2.0,1.9,0.025,21.1,0.5,192.0,86.0,Lunch,Vegetarian,International,None,100 g
Romano Cheese,19,1.6,0.2,1.3,0.0,0.088,0.008,53.2,0.03,4.3,56.38,Breakfast,Vegetarian,International,Milk,100 g
Root Beer,202,0.0,52.3,0.0,0.0,52.3,0.068,0.0,0.037,0.0,52.334,Lunch,Vegetarian,International,None,100 g
Roquefort Cheese,314,18.3,1.7,26.0,0.0,0.0,1.5,562.7,0.5,77.4,609.4,Breakfast,Vegetarian,International,Milk,100 g
Roquefort Cheese Dressing,15,0.8,0.4,1.1,0.0,0.4,0.1,13.4,0.069,0.8,15.875,Breakfast,Vegetarian,International,Milk,100 g
Rose Hips,206,2.0,48.5,0.4,30.6,3.3,0.035,214.6,1.3,544.8,838.4,Lunch,Vegetarian,International,None,100 g
Roselle,28,0.5,6.4,0.4,0.0,0.0,0.079,122.6,0.8,118.6,137.5,Lunch,Vegetarian,International,None,100 g
Rosemary Dried,4,0.081,0.8,0.2,0.5,0.0,0.048,15.4,0.4,11.5,18.079,Lunch,Vegetarian,International,None,100 g
Rosemary Fresh,1,0.005,0.1,0.1,0.012,0.0,0.039,0.0,0.092,0.5,0.369,Lunch,Vegetarian,International,None,100 g
Rowan,253,5.2,54.5,4.6,14.1,32.1,0.083,34.2,5.0,298.7,176.4,Lunch,Vegetarian,International,None,100 g
Rum,49,0.0,0.0,0.0,0.0,0.0,0.053,0.0,0.045,0.4,0.049,Lunch,Vegetarian,International,None,100 g
Russet Potato Baked,290,7.9,64.1,0.4,6.9,3.2,0.084,53.8,3.2,1644.5,161.1,Lunch,Vegetarian,International,None,100 g
Russet Potato Raw,292,7.9,66.7,0.3,4.8,2.3,0.068,48.0,3.2,1538.7,151.9,Lunch,Vegetarian,International,None,100 g
Rutabaga Cooked,72,2.2,16.4,0.4,4.3,9.5,0.049,43.2,0.4,518.4,112.0,Lunch,Vegetarian,International,None,100 g
Rutabaga Raw,286,8.3,66.5,1.2,17.8,34.4,0.061,332.0,3.4,2354.6,622.2,Lunch,Vegetarian,International,None,100 g
Rye,571,17.5,128.2,2.8,25.5,1.7,0.078,40.6,4.4,861.9,219.0,Lunch,Vegetarian,International,None,100 g
Rye Bread,83,2.7,15.5,1.1,1.9,1.2,0.2,23.4,0.9,53.1,45.6,Breakfast,Vegetarian,International,Gluten,100 g
Rye Bread Toasted,82,2.7,15.4,1.0,1.9,1.2,0.2,23.2,0.9,53.1,45.128,Breakfast,Vegetarian,International,Gluten,100 g
Rye Dinner Roll,123,4.4,22.8,1.5,2.1,0.5,0.3,12.9,1.2,77.4,44.9,Lunch,Vegetarian,International,None,100 g
Rye Flour,364,10.0,78.2,1.4,8.2,0.9,0.061,13.3,0.9,228.5,112.0,Lunch,Vegetarian,International,None,100 g
Sablefish Cooked,755,51.9,0.0,59.3,0.0,0.0,0.2,135.9,5.0,1386.2,252.4,Lunch,Vegetarian,International,None,100 g
Sablefish Raw,753,51.8,0.0,59.1,0.0,0.0,0.2,135.1,4.9,1381.9,251.3,Lunch,Vegetarian,International,None,100 g
Saccharin Sweetener,360,0.9,89.1,0.0,0.0,85.2,0.4,0.0,0.058,4.0,90.082,Lunch,Vegetarian,International,None,100 g
Safflower Oil,120,0.0,0.0,13.6,0.0,0.0,0.0,0.0,0.0,0.0,13.6,Lunch,Vegetarian,International,None,100 g
Safflower Seed Kernels Dried,146,4.6,9.7,10.9,0.0,0.0,0.042,22.1,1.4,194.4,48.7,Lunch,Vegetarian,International,None,100 g
Safflower Seed Meal,97,10.1,13.8,0.7,0.0,0.0,0.006,21.8,1.4,19.2,47.8,Lunch,Vegetarian,International,None,100 g
Saffron,2,0.071,0.5,0.092,0.002,0.0,0.063,0.0,0.037,1.8,0.682,Lunch,Vegetarian,International,None,100 g
Sage Ground,2,0.058,0.4,0.046,0.3,0.052,0.083,11.6,0.2,7.5,12.796,Lunch,Vegetarian,International,None,100 g
Salat Mix Alestro,61,0.0,2.4,5.2,0.0,0.0,0.0,0.0,0.0,0.0,7.6,Lunch,Vegetarian,International,None,100 g
Salmon Canned,520,79.1,0.0,20.3,0.0,0.0,1.8,918.8,2.6,1107.0,1020.882,Lunch,Vegetarian,International,None,100 g
Salmon Cooked,733,78.7,0.0,44.0,0.0,0.0,0.2,53.4,1.2,1367.0,190.7,Lunch,Vegetarian,International,None,100 g
Salmon Fish Oil,123,0.0,0.0,13.6,0.0,0.0,0.0,0.0,0.0,0.0,13.6,Lunch,Non-Vegetarian,International,None,100 g
Salmon Nuggets,60,3.6,4.0,3.3,0.0,0.0,0.005,2.3,0.4,46.7,13.6,Lunch,Vegetarian,International,None,100 g
Salmon Raw,824,80.9,0.0,53.1,0.0,0.0,0.2,35.6,1.3,1437.5,186.3,Lunch,Vegetarian,International,None,100 g
Salsa Con Queso,358,7.9,27.9,23.8,1.8,4.9,2.0,245.0,0.4,262.5,307.813,Lunch,Vegetarian,International,None,100 g
Salsa Sauce,5,0.3,1.2,0.039,0.3,0.7,0.1,5.4,0.007,49.5,7.524,Lunch,Vegetarian,International,None,100 g
Salsa Verde,6,0.2,1.0,0.1,0.3,0.5,0.034,1.4,0.079,38.9,4.826,Lunch,Vegetarian,International,None,100 g
Salsify Cooked,92,3.7,20.7,0.2,4.2,3.9,0.028,63.5,0.7,382.1,99.2,Lunch,Vegetarian,International,None,100 g
Salsify Raw,109,4.4,24.7,0.3,4.4,0.0,0.093,0.0,0.1,99.8,34.3,Lunch,Vegetarian,International,None,100 g
Salt,0,0.0,0.0,0.0,0.0,0.0,7.0,4.3,0.006,1.4,4.329,Lunch,Vegetarian,International,None,100 g
Salt Mackerel,415,25.2,0.0,34.1,0.0,0.0,6.1,89.8,1.9,707.2,151.025,Lunch,Vegetarian,International,None,100 g
Salt Pork Raw,212,1.4,0.0,22.8,0.0,0.0,0.8,1.7,0.1,18.7,26.0,Lunch,Non-Vegetarian,International,None,100 g
Saltine Crackers,13,0.3,2.2,0.3,0.022,0.063,0.067,0.059,0.025,3.3,3.081,Lunch,Vegetarian,International,None,100 g
Sandwich With Cold Cuts,833,41.1,79.9,39.3,4.7,12.4,2.2,0.023,0.5,437.9,166.871,Lunch,Vegetarian,International,None,100 g
Sandwich With Roast Beef,410,28.6,44.3,13.0,0.0,0.0,0.8,41.0,2.8,330.5,135.393,Lunch,Non-Vegetarian,International,None,100 g
Sandwich With Tuna Salad,584,29.7,55.4,28.0,0.0,0.0,1.3,74.2,2.6,335.4,193.569,Lunch,Vegetarian,International,None,100 g
Sangiovese Red Wine,126,0.1,3.9,0.0,0.0,0.0,0.0,0.0,0.0,0.0,4.0,Lunch,Vegetarian,International,None,100 g
Sapodilla,141,0.7,33.9,1.9,9.0,0.0,0.08,35.7,1.4,328.1,107.6,Lunch,Vegetarian,International,None,100 g
Sardine Canned In Oil,310,36.7,0.0,17.1,0.0,0.0,0.5,569.2,4.4,591.5,627.452,Lunch,Vegetarian,International,None,100 g
Sardine Oil,123,0.0,0.0,13.6,0.0,0.0,0.0,0.0,0.0,0.0,13.6,Lunch,Vegetarian,International,None,100 g
Sardines In Tomato Sauce Canned,165,18.6,0.5,9.3,0.009,0.4,0.4,213.6,2.0,303.5,244.978,Lunch,Vegetarian,International,None,100 g
Sauerkraut Canned,27,1.3,6.1,0.2,4.1,2.5,0.9,0.096,0.1,28.4,12.078,Lunch,Vegetarian,International,None,100 g
Sausage Biscuit Mcdonalds,440,11.3,31.8,29.7,1.4,2.3,1.0,64.4,2.4,207.1,141.05,Lunch,Vegetarian,International,None,100 g
Sausage Burrito Mcdonalds,339,13.0,24.2,17.1,1.2,1.4,0.8,203.4,1.8,154.8,261.627,Lunch,Vegetarian,International,None,100 g
Sausage Mcgriddles Mcdonalds,421,11.4,42.2,24.0,1.4,15.2,1.0,85.1,1.9,195.8,166.0,Lunch,Vegetarian,International,None,100 g
Sausage Mcmuffin Mcdonalds,383,14.6,28.2,24.2,1.6,2.2,0.8,257.6,2.3,216.2,328.5,Lunch,Vegetarian,International,None,100 g
Sausage Patty Mcdonalds,115,4.3,0.4,11.2,0.0,0.1,0.2,6.5,0.3,75.8,22.7,Lunch,Vegetarian,International,None,100 g
Sausage Pizza,325,13.3,35.5,14.3,2.7,3.9,0.7,0.078,0.1,223.9,66.337,Lunch,Vegetarian,International,None,100 g
Sauvignon Blanc White Wine,119,0.1,3.0,0.0,0.0,0.0,0.0,0.0,0.0,0.0,3.1,Lunch,Vegetarian,International,None,100 g
Savory Ground,4,0.074,1.0,0.029,0.6,0.0,0.055,0.0,0.043,2.0,1.895,Lunch,Vegetarian,International,None,100 g
Savoury Noodle One Pan Dinner Tandaco,172,0.0,5.5,1.2,0.0,0.0,0.0,0.0,0.0,0.0,6.7,Lunch,Vegetarian,International,None,100 g
Savoy Cabbage Cooked,41,3.1,9.2,0.2,4.8,0.0,0.05,0.0,0.089,56.1,17.612,Lunch,Vegetarian,International,None,100 g
Savoy Cabbage Raw,19,1.4,4.3,0.017,2.2,1.6,0.007,0.066,0.071,29.4,8.199,Lunch,Vegetarian,International,None,100 g
Scallop Imitation,28,3.6,3.0,0.1,0.0,0.0,0.2,2.3,0.058,29.1,9.105,Lunch,Vegetarian,International,None,100 g
Scallop Raw,10,1.8,0.5,0.091,0.0,0.0,0.057,0.9,0.068,30.8,3.417,Lunch,Vegetarian,International,None,100 g
Scallop Squash Cooked,29,1.9,5.9,0.3,3.4,2.7,0.4,27.0,0.6,252.0,58.5,Lunch,Vegetarian,International,None,100 g
Scallop Squash Raw,23,1.6,5.0,0.3,1.6,3.1,0.075,24.7,0.5,236.6,57.1,Lunch,Vegetarian,International,None,100 g
Scallops Cooked,11,2.1,0.5,0.058,0.0,0.0,0.06,0.0,0.057,42.6,2.732,Lunch,Vegetarian,International,None,100 g
Scallops Fried,64,2.6,6.4,3.2,0.0,0.0,0.2,3.1,0.3,49.0,15.698,Lunch,Vegetarian,International,None,100 g
Scotch Broth,197,12.1,23.0,6.4,3.0,0.0,2.1,35.8,2.0,387.4,84.4,Lunch,Vegetarian,International,None,100 g
Scots Kale Cooked,36,2.5,7.3,0.5,0.0,0.0,0.4,171.6,2.5,356.2,253.0,Lunch,Vegetarian,International,None,100 g
Scots Kale Raw,28,1.9,5.6,0.4,1.1,0.0,0.059,137.4,2.0,301.5,235.5,Lunch,Vegetarian,International,None,100 g
Scrambled Eggs,100,6.5,1.0,7.6,0.0,0.8,0.1,26.8,1.2,69.1,44.726,Breakfast,Non-Vegetarian,International,Egg,100 g
Scrambled Eggs Mcdonalds,98,7.7,0.9,7.5,0.0,0.1,0.04,33.7,1.1,70.9,50.931,Breakfast,Non-Vegetarian,International,Egg,100 g
Scrapple,60,2.3,4.0,3.9,0.052,0.063,0.1,2.0,0.5,44.7,13.63,Lunch,Vegetarian,International,None,100 g
Scup Cooked,68,12.1,0.0,1.8,0.0,0.0,0.061,25.5,0.3,184.0,39.718,Lunch,Vegetarian,International,None,100 g
Scup Raw,174,31.3,0.0,4.5,0.0,0.0,0.082,66.4,0.9,476.4,103.111,Lunch,Vegetarian,International,None,100 g
Sea Bass Cooked,125,23.9,0.0,2.6,0.0,0.0,0.058,13.1,0.4,331.3,40.067,Lunch,Vegetarian,International,None,100 g
Sea Bass Raw,125,23.8,0.0,2.6,0.0,0.0,0.084,12.9,0.4,330.2,39.739,Lunch,Vegetarian,International,None,100 g
Seatrout Cooked,247,39.9,0.0,8.6,0.0,0.0,0.1,40.9,0.7,812.8,90.142,Lunch,Vegetarian,International,None,100 g
Seatrout Raw,248,39.8,0.0,8.6,0.0,0.0,0.1,40.5,0.6,811.6,89.528,Lunch,Vegetarian,International,None,100 g
Seaweed Dry,52,3.1,9.2,0.3,7.3,0.0,0.9,59.8,13.3,588.8,98.8,Lunch,Vegetarian,International,None,100 g
Semillon White Wine,121,0.1,4.6,0.0,14.9,0.0,0.0,0.0,0.0,0.0,147.7,Lunch,Vegetarian,International,None,100 g
Semolina,601,21.2,121.6,1.8,6.5,0.0,0.097,28.4,7.3,310.6,186.8,Lunch,Vegetarian,International,None,100 g
Serrano Pepper,2,0.1,0.4,0.075,0.2,0.2,0.067,0.021,0.063,2.4,0.902,Lunch,Vegetarian,International,None,100 g
Sesame Butter,94,2.9,3.8,8.1,0.9,0.0,0.031,153.6,3.1,93.1,172.4,Breakfast,Vegetarian,International,Milk,100 g
Sesame Crunch,9,0.2,0.9,0.6,0.1,0.6,0.027,11.5,0.019,5.5,13.351,Lunch,Vegetarian,International,None,100 g
Sesame Flour,658,38.5,33.3,46.4,0.0,0.0,0.041,198.8,19.0,528.8,336.0,Lunch,Vegetarian,International,None,100 g
Sesame Flour Low Fat,94,14.2,10.0,0.5,0.0,0.0,0.072,42.2,4.0,112.4,70.9,Lunch,Vegetarian,International,None,100 g
Sesame Meal,160,4.8,7.4,13.6,0.0,0.0,0.073,43.3,4.1,114.9,73.2,Lunch,Vegetarian,International,None,100 g
Sesame Oil,40,0.0,0.0,4.5,0.0,0.0,0.0,0.0,0.0,0.0,4.5,Lunch,Vegetarian,International,None,100 g
Sesame Seeds Dried,52,1.6,2.1,4.5,1.1,0.031,0.049,87.8,1.3,42.1,98.4,Lunch,Vegetarian,International,None,100 g
Sesame Seeds Toasted,45,1.4,2.1,3.8,1.1,0.0,0.07,79.1,1.2,38.0,88.7,Lunch,Vegetarian,International,None,100 g
Sesame Sticks,54,1.1,4.7,3.7,0.3,0.084,0.09,17.0,0.055,17.7,26.81,Lunch,Vegetarian,International,None,100 g
Sesbania Flower Cooked,22,1.2,5.3,0.007,0.0,0.0,0.3,22.9,0.6,111.3,68.544,Lunch,Vegetarian,International,None,100 g
Sesbania Flower Raw,1,0.012,0.2,0.095,0.0,0.0,0.007,0.6,0.091,5.5,3.181,Lunch,Vegetarian,International,None,100 g
Shallots Dried,3,0.1,0.7,0.013,0.1,0.3,0.059,0.043,0.082,2.7,1.07,Lunch,Vegetarian,International,None,100 g
Shallots Raw,18,0.6,4.2,0.061,0.8,2.0,0.044,0.007,0.004,15.0,5.833,Lunch,Vegetarian,International,None,100 g
Shark Cooked,65,5.3,1.8,3.9,0.0,0.0,0.068,14.2,0.3,43.9,25.548,Lunch,Vegetarian,International,None,100 g
Shark Fin Soup,99,6.9,8.2,4.3,0.0,0.0,1.1,21.6,2.0,114.5,43.2,Lunch,Vegetarian,International,None,100 g
Shark Raw,37,5.9,0.0,1.3,0.0,0.0,0.003,9.6,0.2,45.3,17.064,Lunch,Vegetarian,International,None,100 g
Sheanut Oil,1927,0.0,0.0,218.0,0.0,0.0,0.0,0.0,0.0,0.0,218.0,Lunch,Vegetarian,International,None,100 g
Sheepshead Cooked,234,48.4,0.0,3.0,0.0,0.0,0.1,68.8,1.2,952.3,121.48,Lunch,Vegetarian,International,None,100 g
Sheepshead Raw,257,48.1,0.0,5.7,0.0,0.0,0.2,50.0,1.1,961.5,104.93,Lunch,Vegetarian,International,None,100 g
Shellie Beans Canned,74,4.3,15.2,0.5,8.3,1.5,0.8,0.051,0.2,73.5,28.668,Lunch,Vegetarian,International,None,100 g
Shiitake Mushrooms Cooked,10,0.3,2.6,0.007,0.4,0.7,0.048,0.0,0.2,5.2,3.573,Lunch,Vegetarian,International,None,100 g
Shiitake Mushrooms Dried,11,0.3,2.7,0.061,0.4,0.046,0.086,0.4,0.022,55.2,4.01,Lunch,Vegetarian,International,None,100 g
Shiitake Mushrooms Raw,6,0.4,1.3,0.039,0.5,0.5,0.096,0.4,0.05,57.8,2.788,Lunch,Vegetarian,International,None,100 g
Shoestring French Fries,4,0.099,0.7,0.1,0.099,0.062,0.055,0.3,0.052,10.6,1.604,Lunch,Vegetarian,International,None,100 g
Shortbread Cookies,40,0.5,5.2,1.9,0.1,1.2,0.097,2.8,0.2,8.0,10.729,Lunch,Vegetarian,International,None,100 g
Shortcake,98,1.7,13.7,4.0,0.0,0.0,0.1,58.0,0.7,30.0,78.182,Lunch,Vegetarian,International,None,100 g
Shortening,113,0.0,0.0,12.8,0.0,0.0,0.0,0.0,0.0,0.0,12.8,Lunch,Vegetarian,International,None,100 g
Shrimp Canned,128,26.1,0.0,1.7,0.0,0.0,1.1,185.6,2.7,102.4,221.3,Lunch,Non-Vegetarian,International,None,100 g
Shrimp Cooked,7,1.3,0.013,0.092,0.0,0.0,0.012,5.0,0.009,9.4,6.398,Lunch,Non-Vegetarian,International,None,100 g
Shrimp Fried,52,1.3,4.8,3.2,0.1,0.086,0.2,4.9,0.1,13.9,14.433,Lunch,Non-Vegetarian,International,None,100 g
Shrimp Imitation,29,3.5,2.6,0.4,0.0,0.0,0.2,5.4,0.2,25.2,12.119,Lunch,Non-Vegetarian,International,None,100 g
Shrimp Raw,4,0.7,0.041,0.023,0.0,0.0,0.083,2.7,0.072,5.7,3.712,Lunch,Non-Vegetarian,International,None,100 g
Side Salad Mcdonalds,17,0.9,3.7,0.2,1.4,1.9,0.037,20.9,0.6,191.4,41.4,Lunch,Vegetarian,International,None,100 g
Sirloin Steak,324,49.5,0.0,14.1,0.0,0.0,0.6,0.0,0.2,381.8,65.5,Lunch,Vegetarian,International,None,100 g
Sisymbrium Seeds,235,9.0,43.1,3.4,0.0,0.0,0.047,1208.4,0.098,1576.2,1286.643,Lunch,Vegetarian,International,None,100 g
Skipjack Tuna Cooked,407,86.9,0.0,4.0,0.0,0.0,0.1,114.0,4.9,1607.8,212.936,Lunch,Vegetarian,International,None,100 g
Skittles Original Mars,251,0.1,56.3,2.7,0.0,47.0,0.025,0.0,0.0,7.4,100.5,Lunch,Vegetarian,International,None,100 g
Skittles Tropical Mars,251,0.1,56.3,2.7,0.0,47.0,0.095,0.0,0.0,0.0,100.7,Lunch,Vegetarian,International,None,100 g
Skittles Wild Berry Mars,249,0.1,56.3,2.6,0.0,47.1,0.036,0.0,0.0,0.0,100.6,Lunch,Vegetarian,International,None,100 g
Skunk Cabbage,11,1.5,1.8,0.1,1.2,0.0,0.016,43.1,0.9,174.7,79.4,Lunch,Vegetarian,International,None,100 g
Sliced Turkey Breast,17,2.4,0.4,0.6,0.0,0.1,0.1,0.0,0.023,39.8,3.572,Lunch,Non-Vegetarian,International,None,100 g
Smoothie High Protein Creamy Chocolate Slimfast,110,12.0,2.1,3.5,0.0,1.0,0.2,0.0,0.0,0.0,62.6,Lunch,Vegetarian,International,None,100 g
Snap Beans Canned,66,3.5,15.4,0.4,6.6,0.0,0.09,105.4,4.0,403.9,150.2,Lunch,Vegetarian,International,None,100 g
Snap Beans Cooked,44,2.4,9.9,0.4,4.0,1.9,0.086,0.053,0.015,36.3,16.848,Lunch,Vegetarian,International,None,100 g
Snap Beans Raw,31,1.8,7.0,0.2,2.7,3.3,0.025,37.0,1.0,211.0,61.9,Lunch,Vegetarian,International,None,100 g
Snapper Cooked,218,44.7,0.0,2.9,0.0,0.0,0.066,68.0,0.4,887.4,118.742,Lunch,Vegetarian,International,None,100 g
Snapper Raw,218,44.7,0.0,2.9,0.0,0.0,0.1,69.8,0.4,909.1,121.32,Lunch,Vegetarian,International,None,100 g
Snickers Mars,280,4.3,35.1,13.6,1.3,28.8,0.1,0.015,0.2,108.3,54.826,Lunch,Vegetarian,International,None,100 g
Sockeye Salmon Canned,563,79.5,0.0,24.9,0.0,0.0,1.4,781.8,2.2,1058.2,888.6,Lunch,Vegetarian,International,None,100 g
Sockeye Salmon Cooked,493,82.1,0.0,17.3,0.0,0.0,0.3,0.089,0.2,945.5,102.315,Lunch,Vegetarian,International,None,100 g
Sockeye Salmon Raw,562,84.4,0.0,22.2,0.0,0.0,0.4,39.6,1.7,1358.3,148.1,Lunch,Vegetarian,International,None,100 g
Sofrito,488,26.4,11.2,37.5,3.5,0.0,2.4,41.2,1.9,826.1,163.7,Lunch,Vegetarian,International,None,100 g
Soft Pretzels,389,9.4,79.8,3.6,2.0,0.3,0.9,26.5,4.5,101.2,125.8,Lunch,Vegetarian,International,None,100 g
Sorghum,651,21.7,143.3,6.3,12.1,0.0,0.045,53.8,8.4,672.0,245.6,Lunch,Vegetarian,International,None,100 g
Sorghum Flour,437,9.5,93.7,4.0,8.0,2.3,0.023,14.5,3.6,376.3,133.3,Lunch,Vegetarian,International,None,100 g
Sorghum Syrup,61,0.0,15.7,0.0,0.0,15.7,0.096,31.5,0.8,210.0,48.0,Lunch,Vegetarian,International,None,100 g
Sour Cherries,52,1.0,12.5,0.3,1.6,8.7,0.071,0.02,0.1,15.5,15.607,Lunch,Vegetarian,International,None,100 g
Sour Cherries Canned,189,1.9,48.6,0.3,2.0,0.0,0.073,25.2,3.3,239.4,86.3,Lunch,Vegetarian,International,None,100 g
Sour Cream Shoprite,60,0.0,1.0,5.0,0.0,0.014,0.0,0.0,0.0,0.0,6.0,Lunch,Vegetarian,International,None,100 g
Sour Dressing,21,0.4,0.6,2.0,0.0,0.6,0.094,13.6,0.091,19.4,16.853,Lunch,Vegetarian,International,None,100 g
Sour Pickles,17,0.5,3.5,0.3,1.9,1.6,1.9,0.0,0.6,35.7,8.4,Lunch,Vegetarian,International,None,100 g
Soursop,149,2.3,37.9,0.7,7.4,30.5,0.024,31.5,1.4,625.5,127.6,Lunch,Vegetarian,International,None,100 g
Soy Chips,109,7.5,15.0,2.1,1.0,0.5,0.2,48.4,1.5,2.0,75.5,Lunch,Vegetarian,International,Soy,100 g
Soy Flour,23,1.8,1.8,1.1,0.5,0.4,0.023,0.061,0.2,25.7,5.488,Lunch,Vegetarian,International,Soy,100 g
Soy Flour Low Fat,330,40.0,30.7,7.8,14.1,9.3,0.085,250.8,7.2,1839.2,350.6,Lunch,Vegetarian,International,Soy,100 g
Soy Flour Roasted,375,29.6,28.6,18.6,8.2,6.5,0.083,159.8,4.9,1734.9,249.7,Lunch,Vegetarian,International,Soy,100 g
Soy Margarine,88,0.0,0.0,9.9,0.0,0.0,0.1,0.0,0.0,0.0,12.642,Lunch,Vegetarian,International,Soy,100 g
Soy Meal Raw,414,54.8,49.0,2.9,0.0,0.0,0.017,297.7,16.7,3037.8,421.1,Lunch,Vegetarian,International,Soy,100 g
Soy Oil,120,0.0,0.0,13.6,0.0,0.0,0.0,0.0,0.0,0.0,13.6,Lunch,Vegetarian,International,Soy,100 g
Soy Proteins Concentrate,93,18.0,7.2,0.1,1.6,0.0,0.3,102.7,3.1,127.4,132.7,Lunch,Vegetarian,International,Soy,100 g
Soy Proteins Isolate,96,22.8,2.1,1.0,1.6,0.0,0.3,50.4,4.1,22.9,82.0,Lunch,Vegetarian,International,Soy,100 g
Soy Sauce,8,1.3,0.8,0.054,0.1,0.097,0.9,0.0,0.031,26.6,2.293,Lunch,Vegetarian,International,Soy,100 g
Soy Vermicelli,463,0.1,115.2,0.1,5.5,24.4,0.032,77.0,2.5,4.2,200.4,Lunch,Vegetarian,International,Soy,100 g
Soya Vanille Joghurt Alpro,21,0.3,1.0,0.6,0.0,0.09,0.0,0.0,0.0,0.0,1.9,Lunch,Vegetarian,International,Soy,100 g
Soybean Cooked,296,28.6,17.1,15.4,10.3,5.2,0.075,0.099,0.7,421.4,72.517,Lunch,Vegetarian,International,Soy,100 g
Soybean Curd Cheese,340,28.1,15.5,18.2,0.0,3.6,0.094,423.0,12.6,447.8,497.4,Breakfast,Vegetarian,International,"Milk, Soy",100 g
Soybean Dry Roasted,419,36.8,30.4,20.1,7.5,0.0,0.077,130.2,3.7,1268.5,233.0,Lunch,Vegetarian,International,Soy,100 g
Soybean Lecithin Oil,104,0.0,0.0,13.6,0.0,0.0,0.0,0.0,0.0,0.0,13.6,Lunch,Vegetarian,International,Soy,100 g
Soybean Margarine,34,0.052,0.043,3.8,0.0,0.0,0.005,1.4,0.0,2.0,5.309,Lunch,Vegetarian,International,Soy,100 g
Soybean Oil,120,0.0,0.0,13.6,0.0,0.0,0.0,0.0,0.048,0.0,13.67,Lunch,Vegetarian,International,Soy,100 g
Soybean Raw,830,67.9,56.1,37.1,17.3,13.6,0.023,515.2,29.2,3342.4,734.0,Lunch,Vegetarian,International,Soy,100 g
Soymilk,109,7.1,8.4,4.8,1.0,6.1,0.1,0.0,0.3,0.0,22.2,Lunch,Vegetarian,International,Soy,100 g
Soymilk Low Fat,104,4.0,17.5,1.5,1.9,8.5,0.04,199.3,1.1,155.5,225.3,Lunch,Vegetarian,International,Soy,100 g
Soymilk Nonfat,68,6.0,10.1,0.046,0.5,8.9,0.1,281.9,0.9,255.2,299.508,Lunch,Vegetarian,International,Soy,100 g
Spaghetti Cooked,363,13.3,71.0,2.1,4.1,1.3,0.089,0.0,0.2,133.4,90.8,Lunch,Vegetarian,International,None,100 g
Spaghetti Dry,105,3.7,21.1,0.4,0.9,0.8,0.09,5.9,0.9,63.1,32.9,Lunch,Vegetarian,International,None,100 g
Spaghetti Squash Cooked,42,1.0,10.0,0.4,2.2,3.9,0.4,32.6,0.5,181.4,52.1,Lunch,Vegetarian,International,None,100 g
Spaghetti Squash Raw,31,0.6,7.0,0.6,1.5,2.8,0.081,23.2,0.3,109.1,35.3,Lunch,Vegetarian,International,None,100 g
Spaghetti With Meat Sauce,255,14.3,43.1,2.9,5.1,7.4,0.7,50.9,3.5,407.5,135.1,Lunch,Vegetarian,International,None,100 g
Spaghetti With Meatballs,200,8.7,22.9,8.2,5.4,5.8,0.6,0.036,0.1,114.0,45.656,Lunch,Vegetarian,International,None,100 g
Spanish Peanuts,832,38.2,23.1,72.4,13.9,0.0,0.036,154.8,5.7,1086.2,308.1,Snack,Vegetarian,International,Peanuts,100 g
Spanish Peanuts Roasted,851,41.2,25.7,72.1,13.1,0.0,0.6,147.0,3.4,1140.7,302.5,Snack,Vegetarian,International,Peanuts,100 g
Spanish Tomato Sauce,81,3.5,17.7,0.7,3.4,0.0,1.2,41.5,8.5,900.4,96.3,Lunch,Vegetarian,International,None,100 g
Spearmint Dried,1,0.094,0.3,0.018,0.1,0.0,0.012,0.0,0.021,1.4,0.649,Lunch,Vegetarian,International,None,100 g
Spearmint Fresh,3,0.2,0.5,0.089,0.4,0.0,0.092,0.0,0.008,3.4,1.261,Lunch,Vegetarian,International,None,100 g
Spelt Cooked,246,10.7,51.3,1.6,7.6,0.0,0.041,19.4,3.2,277.4,93.8,Lunch,Vegetarian,International,None,100 g
Spelt Raw,588,25.4,122.1,4.2,18.6,11.9,0.076,47.0,7.7,675.1,225.0,Lunch,Vegetarian,International,None,100 g
Spinach Canned,44,4.9,6.8,0.9,3.7,0.0,0.7,194.2,3.7,538.2,245.8,Lunch,Vegetarian,International,None,100 g
Spinach Cooked,41,5.3,6.8,0.5,4.3,0.8,0.1,0.9,0.3,100.8,18.5,Lunch,Vegetarian,International,None,100 g
Spinach Egg Noodles Cooked,211,8.1,38.8,2.5,3.7,1.1,0.068,30.4,1.7,59.2,85.297,Breakfast,Non-Vegetarian,International,Egg,100 g
Spinach Egg Noodles Dry,145,5.6,26.7,1.7,2.6,0.0,0.096,21.3,1.6,134.9,59.5,Breakfast,Non-Vegetarian,International,Egg,100 g
Spinach Pasta Cooked,37,1.4,7.1,0.3,0.0,0.0,0.004,5.1,0.3,10.5,14.201,Lunch,Vegetarian,International,None,100 g
Spinach Raw,7,0.9,1.1,0.1,0.7,0.1,0.036,29.7,0.8,167.4,41.7,Lunch,Vegetarian,International,None,100 g
Spinach Souffle,230,10.7,8.0,17.6,1.0,2.5,0.8,224.4,1.6,314.2,273.4,Lunch,Vegetarian,International,None,100 g
Spinach Spaghetti Cooked,182,6.4,36.6,0.9,0.0,0.0,0.061,42.0,1.5,81.2,87.4,Lunch,Vegetarian,International,None,100 g
Spinach Spaghetti Dry,105,3.8,21.2,0.4,3.0,0.8,0.094,16.4,0.6,106.4,45.4,Lunch,Vegetarian,International,None,100 g
Spiny Lobster Cooked,233,43.0,5.1,3.2,0.0,0.0,0.4,102.7,2.3,339.0,159.731,Lunch,Vegetarian,International,None,100 g
Spiny Lobster Raw,234,43.1,5.1,3.2,0.0,0.0,0.4,102.4,2.5,376.2,160.501,Lunch,Vegetarian,International,None,100 g
Spirulina Dried,20,4.0,1.7,0.5,0.3,0.2,0.031,8.4,2.0,95.4,17.6,Lunch,Vegetarian,International,None,100 g
Splenda Sweetener,336,0.0,91.2,0.0,0.0,80.3,0.0,0.0,0.0,4.0,91.2,Lunch,Vegetarian,International,None,100 g
Split Pea Soup,180,9.7,29.9,2.3,4.8,12.8,0.4,43.0,1.9,463.0,91.6,Lunch,Vegetarian,International,None,100 g
Split Pea Soup With Ham,381,20.7,56.2,8.9,4.6,0.0,1.7,43.2,4.6,801.9,141.2,Lunch,Vegetarian,International,None,100 g
Split Pea Soup With Ham Bacon,189,11.6,28.6,3.1,4.1,0.0,1.0,0.0,2.1,0.0,49.5,Lunch,Vegetarian,International,None,100 g
Split Peas Cooked,227,16.3,40.2,0.8,16.3,5.7,0.5,27.4,2.5,709.5,104.3,Lunch,Vegetarian,International,None,100 g
Split Peas Raw,672,48.4,118.9,2.3,50.2,15.8,0.075,108.4,8.7,1932.6,340.4,Lunch,Vegetarian,International,None,100 g
Sponge Cake,187,4.6,36.4,2.7,0.0,0.0,0.1,26.5,1.0,88.8,71.264,Lunch,Vegetarian,International,None,100 g
Sponge Snack Cake,157,1.5,26.9,4.8,0.4,15.7,0.2,10.1,0.6,29.8,44.404,Lunch,Vegetarian,International,None,100 g
Sports Drink,26,0.0,7.2,0.0,0.0,0.0,0.073,0.0,0.1,24.0,22.4,Lunch,Vegetarian,International,None,100 g
Spot Cooked,79,11.9,0.0,3.1,0.0,0.0,0.022,9.0,0.2,318.0,24.239,Lunch,Vegetarian,International,None,100 g
Spot Raw,79,11.8,0.0,3.1,0.0,0.0,0.022,9.0,0.2,317.4,24.113,Lunch,Vegetarian,International,None,100 g
Spray Dressing,13,0.07,1.3,0.9,0.075,1.1,0.012,0.5,0.096,0.0,2.931,Lunch,Vegetarian,International,None,100 g
Spring Onion Scallions,6,0.4,1.5,0.077,0.5,0.5,0.048,0.006,0.057,7.4,2.554,Lunch,Vegetarian,International,None,100 g
Sprite Coca Cola,80,0.1,20.3,0.063,0.0,18.0,0.021,0.0,0.042,0.0,20.538,Lunch,Vegetarian,International,None,100 g
Sprouted Soybean Cooked,76,8.0,6.1,4.2,0.8,0.4,0.2,55.5,1.2,333.7,83.6,Lunch,Vegetarian,International,Soy,100 g
Sprouted Soybean Raw,85,9.2,6.7,4.7,0.8,0.0,0.005,0.0,0.3,114.8,21.8,Lunch,Vegetarian,International,Soy,100 g
Squab Meat Raw,585,36.8,0.0,47.4,0.0,0.0,0.1,23.9,7.0,396.0,125.5,Lunch,Vegetarian,International,None,100 g
Squid Fried,140,14.4,6.2,6.0,0.0,0.0,0.2,31.2,0.8,223.2,62.028,Lunch,Vegetarian,International,None,100 g
Squid Raw,26,4.4,0.9,0.4,0.0,0.0,0.09,9.1,0.2,69.6,16.386,Lunch,Vegetarian,International,None,100 g
Steak Sandwich,459,30.3,52.0,14.1,0.0,0.0,0.8,91.8,5.2,524.3,198.9,Lunch,Vegetarian,International,None,100 g
Steak Sauce,16,0.2,3.7,0.004,0.3,1.7,0.3,3.2,0.2,53.0,8.815,Lunch,Vegetarian,International,None,100 g
Stewed Tomatoes Canned,66,2.3,15.8,0.5,2.6,9.0,0.6,0.039,0.3,51.0,21.684,Lunch,Vegetarian,International,None,100 g
Stinging Nettles,37,2.4,6.7,0.007,6.1,0.2,0.09,428.1,1.5,297.3,444.816,Lunch,Vegetarian,International,None,100 g
Stockpot Soup,201,9.8,23.1,7.8,0.0,0.0,2.1,43.9,1.8,477.3,90.5,Lunch,Vegetarian,International,None,100 g
Straw Mushrooms Canned,2,0.2,0.3,0.09,0.1,0.0,0.049,0.0,0.06,3.4,0.771,Lunch,Vegetarian,International,None,100 g
Strawberries,4,0.01,0.9,0.069,0.2,0.6,0.068,1.9,0.04,18.4,10.261,Lunch,Vegetarian,International,None,100 g
Strawberries Canned,234,1.4,59.8,0.7,4.3,55.4,0.024,33.0,1.2,218.4,180.9,Lunch,Vegetarian,International,None,100 g
Strawberry Guava,4,0.01,1.0,0.008,0.3,0.0,0.059,1.3,0.071,17.5,4.931,Lunch,Vegetarian,International,None,100 g
Strawberry Topping,53,0.014,13.9,0.096,0.1,5.7,0.099,1.3,0.014,10.7,18.34,Lunch,Vegetarian,International,None,100 g
String Beans Wellsley Farms,8,0.3,1.7,0.0,0.087,0.3,0.0,0.0,0.0,0.0,2.09,Lunch,Vegetarian,International,None,100 g
Studentenfutter Alnatura,139,3.1,13.2,7.8,0.031,11.7,0.0,0.0,0.0,0.0,24.152,Lunch,Vegetarian,International,None,100 g
Sturgeon Cooked,184,28.2,0.0,7.0,0.0,0.0,0.019,23.1,1.2,495.0,59.9,Lunch,Vegetarian,International,None,100 g
Sturgeon Raw,30,4.6,0.0,1.1,0.0,0.0,0.007,3.7,0.2,80.4,9.612,Lunch,Vegetarian,International,None,100 g
Sturgeon Smoked,49,8.8,0.0,1.2,0.0,0.0,0.2,4.8,0.3,107.3,15.175,Lunch,Vegetarian,International,None,100 g
Succotash,213,9.7,46.8,1.5,0.0,0.0,0.5,32.6,2.9,787.2,109.2,Lunch,Vegetarian,International,None,100 g
Sucker Cooked,148,26.6,0.0,3.7,0.0,0.0,0.019,111.6,2.1,603.9,144.006,Lunch,Vegetarian,International,None,100 g
Sucker Raw,146,26.6,0.0,3.7,0.0,0.0,0.0,111.3,2.1,604.2,143.779,Lunch,Vegetarian,International,None,100 g
Sugar Apple,72,1.6,18.2,0.2,3.4,0.0,0.045,0.0,0.075,24.6,23.644,Snack,Vegetarian,International,None,100 g
Sugar Coated Almonds,17,0.4,2.4,0.6,0.013,2.2,0.021,3.5,0.061,8.9,6.936,Snack,Vegetarian,International,Tree Nuts,100 g
Sugar Cookies,72,0.8,10.2,3.2,0.1,5.7,0.007,3.2,0.3,9.5,17.981,Lunch,Vegetarian,International,None,100 g
Sugar Wafers With Creme Filling,51,0.4,7.1,2.3,0.2,4.3,0.06,2.7,0.4,11.8,13.1,Lunch,Vegetarian,International,None,100 g
Summer Squash Cooked,49,2.7,9.9,1.0,2.9,6.4,0.036,0.028,0.3,75.4,17.09,Lunch,Vegetarian,International,None,100 g
Summer Squash Raw,42,3.1,8.7,0.5,2.9,5.7,0.051,0.009,0.1,98.8,15.958,Lunch,Vegetarian,International,None,100 g
Sunflower Oil,120,0.0,0.0,13.6,0.0,0.0,0.0,0.1,0.0,0.0,13.617,Lunch,Vegetarian,International,None,100 g
Sunflower Seed Butter,99,2.8,3.7,8.8,0.9,1.7,0.065,10.2,0.7,92.2,27.5,Breakfast,Vegetarian,International,Milk,100 g
Sunflower Seed Flour,13,1.9,1.4,0.013,0.2,0.0,0.073,4.6,0.3,2.7,8.557,Lunch,Vegetarian,International,None,100 g
Sunflower Seeds Dried,269,9.6,9.2,23.7,4.0,1.2,0.014,35.9,2.4,296.7,85.4,Lunch,Vegetarian,International,None,100 g
Sunflower Seeds Dry Roasted,47,1.5,1.9,4.0,0.9,0.2,0.067,5.6,0.3,68.0,14.3,Lunch,Vegetarian,International,None,100 g
Sunflower Seeds Toasted,829,23.1,27.6,76.1,15.4,0.0,0.8,76.4,9.1,657.9,229.6,Lunch,Vegetarian,International,None,100 g
Surimi,28,4.3,1.9,0.3,0.0,0.0,0.042,2.5,0.057,31.7,9.072,Lunch,Vegetarian,International,None,100 g
Surinam Cherry Pitanga,2,0.045,0.5,0.059,0.0,0.0,0.1,0.6,0.0,7.2,3.056,Lunch,Vegetarian,International,None,100 g
Swamp Cabbage,20,2.0,3.6,0.2,1.9,0.0,0.4,52.9,1.3,278.3,77.6,Lunch,Vegetarian,International,None,100 g
Sweet Cheese Rolls,238,4.7,28.8,12.1,0.8,0.0,0.2,77.9,0.5,90.4,124.9,Breakfast,Vegetarian,International,Milk,100 g
Sweet Chilli Kettle Baked Chips,99,2.0,2.1,2.2,0.0,0.4,0.0,0.0,0.0,0.0,6.3,Lunch,Vegetarian,International,None,100 g
Sweet Cinnamon Rolls,309,5.1,42.2,13.6,2.0,26.3,0.3,59.8,1.3,92.1,125.783,Lunch,Vegetarian,International,None,100 g
Sweet Corn White,63,2.4,13.9,0.9,2.0,2.4,0.016,0.084,0.049,65.0,19.356,Lunch,Vegetarian,International,None,100 g
Sweet Corn Yellow,58,4.1,14.2,0.4,1.5,2.6,0.05,0.0,0.075,46.7,20.347,Lunch,Vegetarian,International,None,100 g
Sweet Gefilte Fish,35,3.8,3.1,0.7,0.0,0.0,0.2,9.7,1.0,38.2,18.677,Lunch,Non-Vegetarian,International,None,100 g
Sweet Green Peppers Canned,25,1.1,5.5,0.4,1.7,0.0,1.9,57.4,1.1,204.4,132.3,Lunch,Vegetarian,International,None,100 g
Sweet Green Peppers Cooked,19,0.7,4.5,0.1,0.9,2.3,0.2,6.6,0.3,121.2,67.4,Lunch,Vegetarian,International,None,100 g
Sweet Green Peppers Raw,30,1.3,6.9,0.3,2.5,3.6,0.023,14.9,0.5,260.8,146.2,Lunch,Vegetarian,International,None,100 g
Sweet Mashed Potato Canned,258,5.0,59.1,0.5,4.3,13.9,0.2,76.5,3.4,535.5,162.1,Lunch,Vegetarian,International,None,100 g
Sweet Onion,106,2.6,25.0,0.3,3.0,16.6,0.063,0.033,0.2,89.4,31.6,Lunch,Vegetarian,International,None,100 g
Sweet Pickles,146,0.9,33.8,0.7,1.6,29.2,0.7,97.6,0.4,160.0,136.1,Lunch,Vegetarian,International,None,100 g
Sweet Potato Baked,103,2.3,23.6,0.2,3.8,7.4,0.07,43.3,0.8,541.5,96.3,Lunch,Vegetarian,International,None,100 g
Sweet Potato Canned,568,6.3,133.5,1.3,16.0,98.3,0.3,95.7,5.1,1180.3,324.9,Lunch,Vegetarian,International,None,100 g
Sweet Potato Chips,149,0.8,15.9,9.1,2.5,2.5,0.05,16.5,0.6,259.0,45.4,Lunch,Vegetarian,International,None,100 g
Sweet Potato Leaves Cooked,22,1.4,4.7,0.2,1.2,3.5,0.2,21.1,0.4,199.7,30.0,Lunch,Vegetarian,International,None,100 g
Sweet Potato Leaves Raw,15,0.9,3.1,0.2,1.9,0.0,0.073,27.3,0.3,177.8,37.6,Lunch,Vegetarian,International,None,100 g
Sweet Potato Raw,112,2.0,26.2,0.002,3.9,5.4,0.079,0.048,0.2,61.1,32.696,Lunch,Vegetarian,International,None,100 g
Sweet Red Peppers Canned,25,1.1,5.5,0.4,1.7,0.0,1.9,57.4,1.1,204.4,132.3,Lunch,Vegetarian,International,None,100 g
Sweet Red Peppers Cooked,19,0.7,4.5,0.1,0.9,3.2,0.2,6.6,0.3,121.2,137.9,Lunch,Vegetarian,International,None,100 g
Sweet Red Peppers Raw,46,1.5,9.0,0.4,3.1,6.3,0.092,10.4,0.6,314.4,215.3,Lunch,Vegetarian,International,None,100 g
Sweet Sour Chicken,46,1.8,4.4,2.3,0.2,2.1,0.043,8.2,0.4,28.9,17.773,Lunch,Non-Vegetarian,International,None,100 g
Sweet Sour Dressing,2,0.082,0.6,0.0,0.0,0.6,0.065,0.6,0.078,5.3,2.587,Lunch,Vegetarian,International,None,100 g
Sweet Sour Pork,38,1.2,3.3,2.2,0.1,1.4,0.003,6.4,0.4,21.3,13.977,Lunch,Non-Vegetarian,International,None,100 g
Sweet Sour Sauce,26,0.02,6.7,0.084,0.065,3.3,0.024,1.8,0.021,17.3,10.183,Lunch,Vegetarian,International,None,100 g
Sweet Tea Lipton,130,0.0,35.0,0.0,0.0,35.0,0.0,0.0,0.0,0.0,35.0,Lunch,Vegetarian,International,None,100 g
Sweet Yellow Peppers,50,1.9,11.8,0.4,1.7,0.0,0.017,20.5,0.9,394.3,378.5,Lunch,Vegetarian,International,None,100 g
Sweetn Sour Sauce Mcdonalds,48,0.2,11.0,0.3,0.0,10.0,0.2,1.7,0.2,27.7,13.7,Lunch,Vegetarian,International,None,100 g
Swiss Chard Cooked,35,3.3,7.2,0.1,3.7,1.9,0.7,101.5,4.0,960.8,151.3,Lunch,Vegetarian,International,None,100 g
Swiss Chard Raw,7,0.6,1.3,0.042,0.6,0.4,0.089,18.4,0.6,136.4,32.314,Lunch,Vegetarian,International,None,100 g
Swiss Cheese,98,6.7,0.4,7.7,0.0,0.0,0.057,222.5,0.024,18.0,237.396,Breakfast,Vegetarian,International,Milk,100 g
Swordfish Cooked,182,24.9,0.0,8.4,0.0,0.0,0.1,0.022,0.045,322.2,34.203,Lunch,Vegetarian,International,None,100 g
Swordfish Raw,196,26.7,0.0,9.0,0.0,0.0,0.1,6.8,0.5,568.5,43.072,Lunch,Vegetarian,International,None,100 g
Syrah Red Wine,122,0.1,3.8,0.0,0.0,0.0,0.0,0.0,0.0,0.0,3.9,Lunch,Vegetarian,International,None,100 g
T Bone Steak Cooked,1049,89.3,0.0,74.1,0.0,0.0,0.2,0.0,0.2,729.6,170.6,Lunch,Vegetarian,International,None,100 g
T Bone Steak Raw,1052,85.7,0.0,76.3,0.0,0.0,0.2,27.2,9.5,1397.1,198.7,Lunch,Vegetarian,International,None,100 g
Tabasco Sauce,1,0.045,0.006,0.002,0.013,0.067,0.075,0.6,0.019,6.0,1.054,Lunch,Vegetarian,International,None,100 g
Table Water,0,0.0,0.0,0.0,0.0,0.0,0.044,70.0,0.0,0.0,70.0,Lunch,Vegetarian,International,None,100 g
Table Wine,123,0.1,4.0,0.0,0.0,1.2,0.087,11.8,0.5,146.5,16.4,Lunch,Vegetarian,International,None,100 g
Taco Flavor Tortilla Chips,1090,17.9,143.2,54.9,12.0,0.0,1.8,351.9,4.6,492.6,586.5,Lunch,Vegetarian,International,None,100 g
Taco Salad,212,10.0,17.9,11.2,0.0,0.0,0.6,145.5,1.7,315.0,189.0,Lunch,Vegetarian,International,None,100 g
Taco Salad Taco Bell,906,35.7,80.5,48.9,16.0,0.0,1.9,506.4,9.4,1220.6,696.9,Lunch,Vegetarian,International,None,100 g
Taco Salad With Chili Con Carne,193,11.6,17.7,8.8,0.0,0.0,0.6,163.6,1.8,261.0,205.9,Lunch,Vegetarian,International,None,100 g
Taco With Beef Cheese Lettuce,156,6.1,13.7,8.8,2.7,0.6,0.3,61.4,0.8,144.2,93.825,Breakfast,Non-Vegetarian,International,Milk,100 g
Taco With Chicken Cheese Lettuce,185,13.0,19.3,6.2,1.2,1.3,0.6,119.6,1.6,212.7,161.153,Breakfast,Non-Vegetarian,International,Milk,100 g
Taffy,60,0.087,13.7,0.5,0.0,10.3,0.028,0.034,0.0,0.2,14.358,Lunch,Vegetarian,International,None,100 g
Tahini,86,2.7,3.9,7.2,1.4,0.0,0.098,63.0,0.4,62.1,78.6,Lunch,Vegetarian,International,None,100 g
Tahitian Taro Cooked,60,5.7,9.4,0.9,0.0,0.0,0.4,204.1,2.1,853.5,274.3,Lunch,Vegetarian,International,None,100 g
Tahitian Taro Raw,55,3.5,8.6,1.2,0.0,0.0,0.003,161.3,1.6,757.5,296.2,Lunch,Vegetarian,International,None,100 g
Tamale Navajo,285,11.7,33.7,11.4,5.8,1.8,0.8,53.9,2.3,243.7,122.0,Lunch,Vegetarian,International,None,100 g
Tamarind Nectar,143,0.2,37.0,0.3,1.3,31.9,0.046,25.1,1.9,67.8,83.6,Lunch,Vegetarian,International,None,100 g
Tamarinds,5,0.057,1.3,0.013,0.1,0.8,0.007,0.03,0.032,2.3,1.708,Lunch,Vegetarian,International,None,100 g
Tangerine,40,0.6,10.1,0.2,1.4,8.0,0.056,28.1,0.1,126.2,60.8,Lunch,Vegetarian,International,None,100 g
Tangerine Juice,106,1.2,24.9,0.5,0.5,24.5,0.022,0.0,0.06,34.6,27.29,Lunch,Vegetarian,International,None,100 g
Tangerines Canned,92,1.5,23.8,0.1,1.7,22.1,0.022,27.4,0.7,331.2,140.389,Lunch,Vegetarian,International,None,100 g
Tap Water,0,0.0,0.0,0.0,0.0,0.0,0.018,7.1,0.0,0.0,7.1,Lunch,Vegetarian,International,None,100 g
Tapioca Pearls,544,0.3,134.8,0.093,1.4,5.1,0.077,30.4,2.4,16.7,169.318,Lunch,Vegetarian,International,None,100 g
Tapioca Pudding,143,2.1,23.9,4.3,0.0,16.4,0.2,78.1,0.1,101.2,108.8,Lunch,Vegetarian,International,None,100 g
Tapioca Pudding Fat Free,105,1.6,23.9,0.4,0.0,15.9,0.2,58.2,0.1,78.4,84.5,Lunch,Vegetarian,International,None,100 g
Taro Chips,11,0.049,1.6,0.6,0.2,0.04,0.022,1.4,0.008,17.4,4.042,Lunch,Vegetarian,International,None,100 g
Taro Cooked,187,0.7,45.7,0.1,6.7,0.6,0.055,0.073,0.3,100.3,53.993,Lunch,Vegetarian,International,None,100 g
Taro Leaves Cooked,35,3.9,5.6,0.6,2.9,0.0,0.3,124.7,1.7,667.0,190.9,Lunch,Vegetarian,International,None,100 g
Taro Leaves Raw,12,1.4,1.9,0.2,1.0,0.8,0.083,30.0,0.6,181.4,49.7,Lunch,Vegetarian,International,None,100 g
Taro Raw,116,1.6,27.5,0.2,4.3,0.4,0.054,44.7,0.6,614.6,83.6,Lunch,Vegetarian,International,None,100 g
Taro Shoots Cooked,20,1.0,4.5,0.1,0.0,0.0,0.3,19.6,0.6,481.6,52.3,Lunch,Vegetarian,International,None,100 g
Taro Shoots Raw,9,0.8,2.0,0.069,0.0,0.0,0.056,10.3,0.5,285.5,31.723,Lunch,Vegetarian,International,None,100 g
Tarragon Dried,2,0.1,0.3,0.047,0.038,0.0,0.012,6.8,0.2,18.1,7.752,Lunch,Vegetarian,International,None,100 g
Tartar Sauce,32,0.2,2.0,2.5,0.078,0.6,0.1,3.9,0.047,10.2,9.096,Lunch,Vegetarian,International,None,100 g
Tea Blueberry Muffin Tekanne,4,0.0,0.4,0.2,0.0,0.007,0.0,0.0,0.0,0.0,0.6,Lunch,Vegetarian,International,None,100 g
Tea With Milk And Sugar Yorkshire,15,0.0,0.4,0.5,0.0,0.0,0.0,0.0,0.0,0.0,0.9,Breakfast,Vegetarian,International,Milk,100 g
Teaseed Oil,120,0.0,0.0,13.6,0.0,0.0,0.0,0.0,0.0,0.0,13.6,Lunch,Vegetarian,International,None,100 g
Teff Cooked,255,9.8,50.0,1.6,7.1,0.0,0.053,123.5,5.2,269.6,197.2,Lunch,Vegetarian,International,None,100 g
Teff Raw,708,25.7,141.1,4.6,15.4,3.6,0.053,347.4,14.7,824.1,548.9,Lunch,Vegetarian,International,None,100 g
Tempeh,320,30.8,15.6,17.9,0.0,0.0,0.068,184.3,4.5,683.9,253.1,Lunch,Vegetarian,International,None,100 g
Tempeh Cooked,55,5.1,2.6,3.2,0.0,0.0,0.084,27.2,0.6,113.5,38.7,Lunch,Vegetarian,International,None,100 g
Tequila Sunrise,232,0.6,23.8,0.2,0.0,0.0,0.1,0.0,0.038,21.1,65.357,Lunch,Vegetarian,International,None,100 g
Teriyaki Sauce,16,1.1,2.8,0.015,0.016,2.5,0.7,4.5,0.3,40.5,8.733,Lunch,Vegetarian,International,None,100 g
Thyme Dried,276,9.1,63.9,7.4,37.0,1.7,0.016,1.7,0.9,201.0,120.6,Lunch,Vegetarian,International,None,100 g
Thyme Fresh,1,0.091,0.2,0.068,0.1,0.0,0.017,0.0,0.018,0.8,0.545,Lunch,Vegetarian,International,None,100 g
Tilapia Cooked,111,22.8,0.0,2.3,0.0,0.0,0.011,12.2,0.6,330.6,37.9,Lunch,Vegetarian,International,None,100 g
Tilapia Raw,111,23.3,0.0,2.0,0.0,0.0,0.009,11.6,0.6,350.3,37.5,Lunch,Vegetarian,International,None,100 g
Tilefish Cooked,441,73.5,0.0,14.1,0.0,0.0,0.2,78.0,0.9,1536.0,166.521,Lunch,Vegetarian,International,None,100 g
Tilefish Raw,371,67.6,0.0,8.9,0.0,0.0,0.2,100.4,1.0,1671.4,177.901,Lunch,Vegetarian,International,None,100 g
Tilsit Cheese,136,9.8,0.8,10.4,0.0,0.0,0.3,280.0,0.01,26.0,301.069,Breakfast,Vegetarian,International,Milk,100 g
Toffee,67,0.1,7.8,3.9,0.0,7.6,0.044,0.097,0.092,3.8,12.023,Lunch,Vegetarian,International,None,100 g
Tofu Fried,35,2.4,1.2,2.6,0.5,0.4,0.021,0.099,0.051,37.3,6.832,Lunch,Vegetarian,International,None,100 g
Tofu Raw,188,20.0,4.7,11.9,0.7,0.0,0.06,868.0,13.3,300.1,918.8,Lunch,Vegetarian,International,None,100 g
Tofu Yogurt,246,9.2,41.8,4.7,0.5,3.2,0.03,0.013,0.2,99.6,56.57,Breakfast,Vegetarian,International,Milk,100 g
Tomatillos,42,1.3,7.7,1.3,2.5,5.2,0.019,9.2,0.8,353.8,38.2,Lunch,Vegetarian,International,None,100 g
Tomato Beef Noodle Soup,281,8.9,42.3,8.6,3.0,0.0,1.8,35.1,2.2,441.8,100.1,Lunch,Non-Vegetarian,International,None,100 g
Tomato Bisque Soup,248,4.5,47.7,5.0,2.1,0.0,1.8,80.0,1.7,838.5,152.913,Lunch,Vegetarian,International,None,100 g
Tomato Chili Sauce,6,0.2,1.2,0.095,0.4,0.6,0.083,1.2,0.087,22.2,4.085,Lunch,Vegetarian,International,None,100 g
Tomato Cooked,22,1.2,4.9,0.1,0.9,3.1,0.029,0.054,0.052,34.4,7.36,Lunch,Vegetarian,International,None,100 g
Tomato Juice,41,2.1,8.6,0.7,1.0,6.3,0.063,0.056,0.1,46.2,12.742,Lunch,Vegetarian,International,None,100 g
Tomato Ketchup Mp,15,0.0,0.2,0.0,0.0,0.0,0.0,0.0,0.0,0.0,0.2,Lunch,Vegetarian,International,None,100 g
Tomato Paste Canned,215,11.3,49.5,1.2,10.7,31.9,2.1,94.3,7.8,2656.7,232.2,Lunch,Vegetarian,International,None,100 g
Tomato Puree Canned,95,4.1,22.5,0.5,4.8,12.1,0.002,0.038,0.7,100.0,32.936,Lunch,Vegetarian,International,None,100 g
Tomato Rice Soup,240,4.2,44.1,5.5,3.4,15.2,1.6,46.4,1.6,663.1,134.933,Lunch,Vegetarian,International,None,100 g
Tomato Sauce,59,2.9,13.0,0.7,3.7,8.7,0.083,0.083,0.3,66.2,20.864,Lunch,Vegetarian,International,None,100 g
Tomato Sauce With Herbs Cheese,144,5.2,25.0,4.7,5.4,0.0,1.3,90.3,2.1,868.6,157.1,Breakfast,Vegetarian,International,Milk,100 g
Tomato Sauce With Mushrooms,86,3.6,20.7,0.3,3.7,14.1,1.1,31.9,2.2,931.0,92.8,Lunch,Vegetarian,International,None,100 g
Tomato Sauce With Onions,103,3.8,24.4,0.5,4.4,0.0,1.3,41.7,2.3,1011.9,108.2,Lunch,Vegetarian,International,None,100 g
Tomato Soup,98,2.2,22.5,0.7,1.6,12.2,0.6,19.2,0.9,831.8,66.2,Lunch,Vegetarian,International,None,100 g
Tomato Soup Canned,139,6.3,22.6,3.3,1.5,16.5,0.5,173.9,1.4,461.2,224.932,Lunch,Vegetarian,International,None,100 g
Tomato Stewed,97,2.4,16.1,3.3,2.1,0.0,0.6,0.0,0.1,46.7,24.1,Lunch,Vegetarian,International,None,100 g
Tomato Vegetable Juice,53,1.5,11.1,0.2,1.9,9.2,0.2,26.6,1.0,467.1,109.3,Lunch,Vegetarian,International,None,100 g
Tomato Vegetable Soup,54,1.9,9.9,0.8,0.7,2.4,0.3,19.6,0.6,164.2,36.4,Lunch,Vegetarian,International,None,100 g
Tomatoes Canned,77,4.0,17.6,0.7,4.6,10.6,0.3,82.3,3.1,709.1,134.6,Lunch,Vegetarian,International,None,100 g
Tomatoes In Tomato Juice Canned,41,1.9,9.6,0.3,2.4,5.7,0.3,74.4,2.3,451.2,113.2,Lunch,Vegetarian,International,None,100 g
Tomatoseed Oil,1927,0.0,0.0,218.0,0.0,0.0,0.0,0.0,0.0,0.0,218.0,Lunch,Vegetarian,International,None,100 g
Tonic Water,114,0.0,29.6,0.0,0.0,29.6,0.049,3.4,0.09,0.0,33.038,Lunch,Vegetarian,International,None,100 g
Tortilla,467,14.3,98.4,1.9,4.7,5.4,0.9,137.9,7.5,206.9,264.7,Lunch,Vegetarian,International,None,100 g
Tortilla Chips,142,2.1,20.3,6.2,1.6,0.2,0.077,0.014,0.2,67.5,30.699,Lunch,Vegetarian,International,None,100 g
Tortilla Chips Low Fat,117,3.1,22.6,1.6,1.5,0.2,0.1,45.0,0.5,77.0,74.368,Lunch,Vegetarian,International,None,100 g
Tostada With Beans Cheese,223,9.6,26.5,9.9,0.0,0.0,0.5,210.2,1.9,403.2,259.467,Breakfast,Vegetarian,International,Milk,100 g
Tostada With Beef Cheese,315,19.0,22.8,16.3,0.0,0.0,0.9,216.8,2.9,572.1,280.498,Breakfast,Non-Vegetarian,International,Milk,100 g
Tostada With Guacamole,180,6.2,16.0,11.6,0.0,0.0,0.4,211.4,0.8,324.9,247.853,Lunch,Vegetarian,International,None,100 g
Trail Mix,139,4.1,13.5,8.8,0.0,0.0,0.014,23.4,0.9,205.5,51.1,Lunch,Vegetarian,International,None,100 g
Trail Mix With Chocolate Chips,707,20.7,65.6,46.6,0.0,0.0,0.2,159.1,4.9,946.1,298.8,Lunch,Vegetarian,International,None,100 g
Tree Fern Cooked,57,0.4,15.3,0.096,5.3,0.0,0.3,11.4,0.2,7.1,75.253,Lunch,Vegetarian,International,None,100 g
Tripe Soup,148,17.2,8.1,5.2,0.0,0.0,0.8,44.0,1.4,162.0,75.9,Lunch,Vegetarian,International,None,100 g
Triple Zero Greek Yogurt Dannon Oikos,120,0.038,22.5,0.0,0.0,6.0,0.0,0.0,0.0,0.0,22.598,Breakfast,Vegetarian,International,Milk,100 g
Triticale,645,25.1,138.5,4.0,0.0,0.0,0.049,71.0,4.9,637.4,243.5,Lunch,Vegetarian,International,None,100 g
Triticale Flour,439,17.1,95.1,2.4,19.0,0.0,0.096,45.5,3.4,605.8,182.5,Lunch,Vegetarian,International,None,100 g
Tropical Trail Mix,619,8.8,91.8,23.9,0.0,0.0,0.1,79.8,3.7,992.6,218.6,Lunch,Vegetarian,International,None,100 g
Trout Cooked,118,16.5,0.0,5.3,0.0,0.0,0.027,34.1,1.2,287.1,57.496,Lunch,Vegetarian,International,None,100 g
Trout Raw,117,16.4,0.0,5.2,0.0,0.0,0.051,34.0,1.2,285.2,57.297,Lunch,Vegetarian,International,None,100 g
Truffles,61,0.7,5.4,4.1,0.3,4.6,0.034,18.8,0.2,35.6,29.59,Lunch,Vegetarian,International,None,100 g
Tuna Canned,102,18.9,0.0,2.4,0.0,0.0,0.3,11.2,0.8,189.6,33.32,Lunch,Vegetarian,International,None,100 g
Tuna Canned In Oil,331,47.2,0.0,14.4,0.0,0.0,0.7,7.1,1.2,592.7,69.953,Lunch,Vegetarian,International,None,100 g
Tuna Salad,383,32.9,19.3,19.0,0.0,0.0,0.8,34.9,2.1,364.9,112.727,Lunch,Vegetarian,International,None,100 g
Turbinado Sugar,18,0.0,4.6,0.0,0.0,4.6,0.008,0.6,0.018,1.3,5.24,Lunch,Vegetarian,International,None,100 g
Turbot Cooked,388,65.4,0.0,12.0,0.0,0.0,0.6,73.1,1.5,969.9,157.453,Lunch,Vegetarian,International,None,100 g
Turbot Raw,388,65.5,0.0,12.0,0.0,0.0,0.6,73.4,1.5,971.0,159.322,Lunch,Vegetarian,International,None,100 g
Turkey And Gravy,161,14.1,11.1,6.3,0.0,0.0,1.3,33.6,2.2,146.4,67.374,Lunch,Non-Vegetarian,International,None,100 g
Turkey Bacon Cooked,313,24.3,2.5,22.9,0.0,0.0,1.9,7.4,1.7,323.9,58.8,Lunch,Non-Vegetarian,International,None,100 g
Turkey Bologna,59,3.2,1.3,4.5,0.1,0.8,0.3,34.4,0.8,37.8,48.096,Lunch,Non-Vegetarian,International,None,100 g
Turkey Breast Raw,3554,495.6,0.0,158.9,0.0,0.0,1.3,294.3,27.2,6226.0,976.092,Lunch,Non-Vegetarian,International,None,100 g
Turkey Breast Roasted,3266,496.1,0.0,128.0,0.0,0.0,1.1,362.9,24.2,4976.6,1011.2,Lunch,Non-Vegetarian,International,None,100 g
Turkey Fat,45,0.0,0.0,5.0,0.0,0.0,0.0,0.0,0.0,0.0,5.0,Lunch,Non-Vegetarian,International,None,100 g
Turkey Giblets Cooked,164,25.1,0.0,6.3,0.0,0.0,0.1,0.014,0.7,236.6,32.643,Lunch,Non-Vegetarian,International,None,100 g
Turkey Gizzard Cooked,70,11.9,0.0,2.1,0.0,0.0,0.031,7.7,1.7,86.9,26.231,Lunch,Non-Vegetarian,International,None,100 g
Turkey Gravy Dry,26,0.7,4.6,0.5,0.0,0.0,0.3,10.2,0.2,30.0,16.335,Lunch,Non-Vegetarian,International,None,100 g
Turkey Gravy Instant,27,0.8,3.9,1.0,0.3,0.5,0.3,7.7,0.6,20.5,14.333,Lunch,Non-Vegetarian,International,None,100 g
Turkey Ham,38,5.5,0.3,1.6,0.0,0.1,0.3,1.4,0.4,83.7,9.2,Lunch,Non-Vegetarian,International,None,100 g
Turkey Heart Cooked,35,5.0,0.0,1.5,0.0,0.0,0.046,4.2,1.4,40.6,12.759,Lunch,Non-Vegetarian,International,None,100 g
Turkey Liver Cooked,100,14.3,0.0,4.3,0.0,0.0,0.083,10.1,0.9,81.1,47.3,Lunch,Non-Vegetarian,International,None,100 g
Turkey Meat Roasted,284,42.8,0.031,11.1,0.0,0.0,0.2,21.0,1.6,358.5,76.629,Lunch,Non-Vegetarian,International,None,100 g
Turkey Noodle Soup,139,7.8,17.3,4.0,1.5,1.0,1.6,22.7,1.9,151.2,55.582,Lunch,Non-Vegetarian,International,None,100 g
Turkey Pastrami,38,4.6,0.5,1.8,0.062,1.0,0.3,3.1,1.2,98.3,13.579,Lunch,Non-Vegetarian,International,None,100 g
Turkey Patty Fried,79,3.9,4.4,5.0,0.1,0.053,0.2,3.9,0.6,77.0,17.934,Lunch,Non-Vegetarian,International,None,100 g
Turkey Pot Pie,699,25.8,70.3,34.9,4.4,0.0,1.4,0.0,4.0,0.0,139.4,Lunch,Non-Vegetarian,International,None,100 g
Turkey Roast Roasted,209,28.8,4.1,7.8,0.0,0.0,0.9,6.8,2.2,402.3,49.7,Lunch,Non-Vegetarian,International,None,100 g
Turkey Roll,40,4.9,0.6,1.9,0.0,0.0,0.1,8.6,0.4,72.9,16.4,Lunch,Non-Vegetarian,International,None,100 g
Turkey Salami Cooked,9,1.0,0.081,0.5,0.054,0.063,0.023,2.0,0.026,10.8,3.796,Lunch,Non-Vegetarian,International,None,100 g
Turkey Soup,135,10.2,14.1,4.4,0.0,0.0,0.9,49.6,1.9,361.1,86.6,Lunch,Non-Vegetarian,International,None,100 g
Turkey Steak Fried,179,9.1,10.9,10.8,0.0,0.0,0.5,9.0,1.4,166.4,41.229,Lunch,Non-Vegetarian,International,None,100 g
Turkey Taco Meat Cooked,271,30.7,5.5,13.9,0.0,0.0,1.2,126.3,3.3,543.5,179.7,Lunch,Non-Vegetarian,International,None,100 g
Turkey Vegetable Soup,72,3.1,8.6,3.0,0.5,2.6,0.9,16.9,0.8,175.9,33.0,Lunch,Non-Vegetarian,International,None,100 g
Turkey Wing Cooked,426,50.9,0.0,23.1,0.0,0.0,0.1,44.6,2.7,494.8,121.3,Lunch,Non-Vegetarian,International,None,100 g
Turmeric Ground,8,0.2,1.4,0.2,0.5,0.062,0.064,4.0,0.9,55.6,7.8,Lunch,Vegetarian,International,None,100 g
Turnip Greens Canned,27,2.0,4.0,0.4,1.9,0.6,0.082,169.9,2.2,203.0,202.7,Lunch,Vegetarian,International,None,100 g
Turnip Greens Cooked,29,1.6,6.3,0.3,5.0,0.8,0.4,197.3,1.2,292.3,251.2,Lunch,Vegetarian,International,None,100 g
Turnip Greens Raw,18,0.8,3.9,0.2,1.8,0.4,0.012,104.5,0.6,162.8,144.8,Lunch,Vegetarian,International,None,100 g
Turnips Cooked,34,1.1,7.9,0.1,3.1,4.7,0.017,0.063,0.025,29.6,12.408,Lunch,Vegetarian,International,None,100 g
Turnips Raw,51,1.6,11.8,0.2,3.3,7.0,0.1,0.057,0.2,49.4,17.384,Lunch,Vegetarian,International,None,100 g
Twix Mars,146,1.4,18.8,7.2,0.3,14.0,0.064,0.085,0.042,30.5,27.86,Lunch,Vegetarian,International,None,100 g
Ucuhuba Butter Oil,120,0.0,0.0,13.6,0.0,0.0,0.0,0.0,0.0,0.0,13.6,Breakfast,Vegetarian,International,Milk,100 g
Valencia Peanuts Raw,832,36.6,30.5,69.5,12.7,0.0,0.094,90.5,3.1,484.7,242.9,Snack,Vegetarian,International,Peanuts,100 g
Valencia Peanuts Roasted,177,8.1,4.9,15.4,2.7,0.0,0.004,16.2,0.5,183.6,47.8,Snack,Vegetarian,International,Peanuts,100 g
Vanilla Bluberry Bar Kind,49,0.0,0.9,1.4,0.0,0.096,0.0,0.0,0.0,0.0,2.3,Lunch,Vegetarian,International,None,100 g
Vanilla Cream Pie,350,6.0,41.1,18.1,0.8,16.0,0.3,113.4,1.3,158.8,181.4,Lunch,Vegetarian,International,None,100 g
Vanilla Extract,12,0.0,0.5,0.069,0.0,0.5,0.061,0.5,0.019,6.2,1.213,Lunch,Vegetarian,International,None,100 g
Vanilla Frosting,1931,0.0,313.7,75.0,0.0,291.5,0.9,13.9,0.7,157.1,403.3,Lunch,Vegetarian,International,None,100 g
Vanilla Fudge,108,0.3,23.2,1.5,0.0,22.6,0.04,10.8,0.036,13.9,35.944,Lunch,Vegetarian,International,None,100 g
Vanilla Fudge With Nuts,123,0.8,21.1,3.9,0.3,20.1,0.075,13.3,0.1,29.1,39.577,Lunch,Vegetarian,International,None,100 g
Vanilla Pudding,195,2.2,33.9,5.7,0.0,25.5,0.3,73.5,0.1,97.5,115.796,Lunch,Vegetarian,International,None,100 g
Vanilla Sandwich Cookie,72,0.7,10.8,3.0,0.2,5.9,0.044,4.1,0.3,13.7,19.1,Lunch,Vegetarian,International,None,100 g
Vanilla Soymilk,131,7.9,15.3,4.3,1.5,9.7,0.1,60.8,1.6,286.7,91.4,Lunch,Vegetarian,International,Soy,100 g
Vanilla Soymilk Light,83,6.4,9.4,2.1,1.5,1.0,0.2,298.9,1.1,284.3,319.4,Lunch,Vegetarian,International,Soy,100 g
Vanilla Wafer Pie Crust,935,6.5,88.4,63.7,0.2,12.9,0.9,73.9,2.9,139.0,236.2,Lunch,Vegetarian,International,None,100 g
Vanilla Wafers,28,0.3,4.3,1.2,0.1,0.0,0.045,1.5,0.1,6.4,7.5,Lunch,Vegetarian,International,None,100 g
Vanilla Wafers Low Fat,353,4.0,58.9,12.2,1.5,30.0,0.3,38.4,1.9,77.6,116.995,Lunch,Vegetarian,International,None,100 g
Vanilla Yoghurt Oikos,120,0.0,0.0,1.8,0.0,0.0,0.0,0.0,0.0,0.0,1.8,Lunch,Vegetarian,International,None,100 g
Vanilla Yogurt,145,8.4,23.5,2.1,0.0,23.5,0.1,290.7,0.1,372.3,326.243,Breakfast,Vegetarian,International,Milk,100 g
Vanilla Yogurt Low Fat,208,12.1,33.8,3.1,0.0,33.8,0.2,419.0,0.2,536.6,470.265,Breakfast,Vegetarian,International,Milk,100 g
Veal Brain Cooked,461,38.9,0.0,32.6,0.0,0.0,0.5,54.2,5.7,725.5,175.5,Lunch,Vegetarian,International,None,100 g
Veal Breast Cooked,753,76.3,0.0,47.5,0.0,0.0,0.2,25.5,2.2,769.8,151.5,Lunch,Vegetarian,International,None,100 g
Veal Breast Raw,943,79.2,0.0,66.9,0.0,0.0,0.3,31.8,2.4,1297.3,180.3,Lunch,Vegetarian,International,None,100 g
Veal Heart Cooked,368,57.7,0.3,13.4,0.0,0.0,0.1,15.8,8.6,394.0,115.6,Lunch,Vegetarian,International,None,100 g
Veal Kidneys Cooked,300,48.4,0.0,10.4,0.0,0.0,0.2,53.4,5.6,292.6,132.9,Lunch,Vegetarian,International,None,100 g
Veal Leg Round Cooked,574,98.4,0.0,17.2,0.0,0.0,0.2,21.8,3.6,1041.8,141.0,Lunch,Vegetarian,International,None,100 g
Veal Leg Round Raw,531,95.2,0.0,14.0,0.0,0.0,0.3,22.7,3.6,1664.7,135.5,Lunch,Vegetarian,International,None,100 g
Veal Liver Cooked,154,22.7,3.0,5.0,0.0,0.0,0.046,0.043,12.0,368.0,43.638,Lunch,Vegetarian,International,None,100 g
Veal Loin Cooked,80,8.5,0.0,4.9,0.0,0.0,0.001,7.9,0.3,79.2,21.6,Lunch,Vegetarian,International,None,100 g
Veal Loin Raw,46,5.3,0.0,2.6,0.0,0.0,0.079,4.5,0.2,86.0,12.6,Lunch,Vegetarian,International,None,100 g
Veal Lungs Cooked,312,56.2,0.0,7.9,0.0,0.0,0.2,21.0,10.8,426.0,197.9,Lunch,Vegetarian,International,None,100 g
Veal Meat Cooked,483,62.9,0.0,23.8,0.0,0.0,0.2,46.0,2.4,679.3,135.1,Lunch,Vegetarian,International,None,100 g
Veal Meat Raw,653,87.8,0.0,30.7,0.0,0.0,0.4,68.0,3.8,1428.8,190.3,Lunch,Vegetarian,International,None,100 g
Veal Pancreas Cooked,614,69.8,0.0,35.0,0.0,0.0,0.2,43.2,5.7,667.2,168.1,Lunch,Vegetarian,International,None,100 g
Veal Rib Cooked,444,57.4,0.0,22.2,0.0,0.0,0.2,38.9,2.5,541.6,121.0,Lunch,Vegetarian,International,None,100 g
Veal Rib Raw,735,85.5,0.0,40.9,0.0,0.0,0.4,59.0,3.9,1315.4,189.3,Lunch,Vegetarian,International,None,100 g
Veal Shank Cooked,371,61.2,0.0,12.0,0.0,0.0,0.2,64.0,2.4,591.7,139.6,Lunch,Vegetarian,International,None,100 g
Veal Shank Raw,513,86.9,0.0,15.8,0.0,0.0,0.4,90.7,3.4,1424.3,196.8,Lunch,Vegetarian,International,None,100 g
Veal Shoulder Cooked,435,61.2,0.0,19.4,0.0,0.0,0.2,66.9,2.7,590.2,150.2,Lunch,Vegetarian,International,None,100 g
Veal Shoulder Raw,0,0.0,0.0,0.0,0.0,0.0,0.0,0.0,0.0,0.0,0.0,Lunch,Vegetarian,International,None,100 g
Veal Sirloin Cooked,517,64.1,0.0,26.9,0.0,0.0,0.2,34.9,2.5,658.1,128.4,Lunch,Vegetarian,International,None,100 g
Veal Sirloin Raw,689,86.5,0.0,35.4,0.0,0.0,0.3,49.9,3.5,1492.3,175.3,Lunch,Vegetarian,International,None,100 g
Veal Spleen Cooked,445,83.1,0.0,10.0,0.0,0.0,0.2,24.2,25.4,741.8,280.7,Lunch,Vegetarian,International,None,100 g
Veal Thymus Cooked,35,6.4,0.0,0.9,0.0,0.0,0.036,1.1,0.4,123.1,20.0,Lunch,Vegetarian,International,None,100 g
Veal Tongue Cooked,515,65.9,0.0,25.8,0.0,0.0,0.2,23.0,5.3,413.1,135.3,Lunch,Vegetarian,International,None,100 g
Vegetable Beef Soup,128,18.1,9.6,2.0,4.4,0.0,1.1,0.0,0.0,0.0,34.1,Lunch,Non-Vegetarian,International,None,100 g
Vegetable Chicken Soup,166,12.3,21.1,4.8,1.0,3.4,0.075,26.5,1.5,368.7,72.737,Lunch,Non-Vegetarian,International,None,100 g
Vegetable Chips,134,1.5,17.1,6.6,1.3,1.1,0.3,14.7,0.4,237.2,43.0,Lunch,Vegetarian,International,None,100 g
Vegetable Egg Roll,153,5.2,25.0,3.6,2.2,5.3,0.4,35.9,1.5,195.0,84.1,Breakfast,Non-Vegetarian,International,Egg,100 g
Vegetable Fruit Juice,9,0.071,2.2,0.017,0.0,0.6,0.043,0.9,0.013,5.6,12.912,Lunch,Vegetarian,International,None,100 g
Vegetable Juice,53,1.5,11.1,0.2,1.9,7.9,0.1,0.007,0.5,41.1,15.538,Lunch,Vegetarian,International,None,100 g
Vegetable Lasagna,316,15.6,32.2,13.7,4.3,5.8,1.0,340.5,1.2,385.9,410.066,Lunch,Vegetarian,International,None,100 g
Vegetable Macaroni Cooked,172,6.1,35.7,0.1,5.8,1.5,0.015,14.7,0.7,41.5,63.1,Lunch,Vegetarian,International,None,100 g
Vegetable Macaroni Dry,308,11.0,62.9,0.9,3.6,0.0,0.06,28.6,3.6,239.4,110.6,Lunch,Vegetarian,International,None,100 g
Vegetable Oil,120,0.0,0.0,13.6,0.0,0.0,0.0,0.073,0.0,0.0,13.706,Lunch,Vegetarian,International,None,100 g
Vegetable Oil Spread,75,0.007,0.1,8.4,0.0,0.0,0.081,2.9,0.0,4.2,11.613,Lunch,Vegetarian,International,None,100 g
Vegetable Oil Spread Fat Free,6,0.2,0.4,0.5,0.0,0.0,0.1,5.7,0.041,7.5,7.001,Lunch,Vegetarian,International,None,100 g
Vegetable Palm Kernel Oil,117,0.0,0.0,13.6,0.0,0.0,0.0,0.0,0.0,0.0,13.6,Lunch,Vegetarian,International,None,100 g
Vegetable Salad,22,1.7,4.4,0.054,0.0,0.0,0.025,17.9,0.9,237.4,56.916,Lunch,Vegetarian,International,None,100 g
Vegetable Salad With Cheese Egg,68,5.8,3.2,3.9,0.0,0.0,0.044,66.5,0.4,247.3,86.317,Breakfast,Non-Vegetarian,International,"Egg, Milk",100 g
Vegetable Salad With Chicken,70,11.6,2.5,1.5,0.0,0.0,0.1,24.7,0.7,297.9,52.69,Lunch,Non-Vegetarian,International,None,100 g
Vegetable Salad With Shrimp,71,9.7,4.4,1.7,0.0,0.0,0.3,39.3,0.6,269.0,61.8,Lunch,Non-Vegetarian,International,None,100 g
Vegetable Soup,149,4.3,24.6,4.0,1.3,7.9,1.3,42.8,2.2,430.9,82.2,Lunch,Vegetarian,International,None,100 g
Vegetable Soup With Beef Broth,162,6.0,26.3,3.8,3.2,4.0,1.3,34.4,1.9,386.2,80.5,Lunch,Non-Vegetarian,International,None,100 g
Vegetarian Fillets,247,19.6,7.7,15.3,5.2,0.7,0.4,80.8,1.7,510.0,130.3,Lunch,Vegetarian,International,None,100 g
Vegetarian Stew,304,42.0,17.3,7.4,2.7,3.1,1.0,76.6,3.2,296.4,149.2,Lunch,Vegetarian,International,None,100 g
Veggie Burger,124,11.0,10.0,4.4,3.4,0.7,0.4,95.2,1.7,233.1,128.9,Lunch,Vegetarian,International,None,100 g
Vienna Bread,92,3.8,18.1,0.6,0.8,0.8,0.2,14.1,1.2,41.0,38.633,Breakfast,Vegetarian,International,Gluten,100 g
Vienna Bread Toasted,93,3.8,18.0,0.6,0.9,1.0,0.2,13.6,1.1,40.6,38.073,Breakfast,Vegetarian,International,Gluten,100 g
Vinegar,3,0.0,0.089,0.0,0.0,0.063,0.024,0.9,0.002,0.3,1.02,Lunch,Vegetarian,International,None,100 g
Vinegar Oil Dressing,72,0.0,0.4,8.0,0.0,0.4,0.076,0.0,0.0,1.3,8.4,Lunch,Vegetarian,International,None,100 g
Virginia Peanuts Raw,822,36.8,24.1,71.2,12.4,5.8,0.008,129.9,3.7,1007.4,278.1,Snack,Vegetarian,International,Peanuts,100 g
Virginia Peanuts Roasted,173,7.8,6.0,14.6,2.7,0.0,0.018,25.8,0.5,195.6,57.4,Snack,Vegetarian,International,Peanuts,100 g
Vivaldi Potatoes Sainsburys,23,0.0,0.0,0.1,0.0,0.0,0.0,0.0,0.0,0.0,0.1,Lunch,Vegetarian,International,None,100 g
Vodka Smirnoff,13,0.0,2.0,0.4,0.0,0.082,0.0,0.0,0.0,0.0,2.4,Lunch,Vegetarian,International,None,100 g
Waffle,218,5.9,24.7,10.6,0.0,0.0,0.4,191.3,1.7,119.3,234.547,Lunch,Vegetarian,International,None,100 g
Waffle Toasted,103,2.4,16.3,3.2,0.8,1.7,0.2,101.3,2.3,47.5,126.4,Lunch,Vegetarian,International,None,100 g
Wakame,36,2.4,7.3,0.5,0.4,0.5,0.7,120.0,1.7,40.0,134.7,Lunch,Vegetarian,International,None,100 g
Walleye Pike Cooked,148,30.4,0.0,1.9,0.0,0.0,0.069,174.8,2.1,618.8,209.213,Lunch,Vegetarian,International,None,100 g
Walleye Pike Raw,148,30.4,0.0,1.9,0.0,0.0,0.011,174.9,2.1,618.5,209.316,Lunch,Vegetarian,International,None,100 g
Walnut,33,0.8,0.7,3.3,0.3,0.1,0.041,4.9,0.1,22.1,10.109,Snack,Vegetarian,International,Tree Nuts,100 g
Warm Cinnamon Roll Mcdonalds,113,2.0,15.0,5.1,0.5,7.0,0.1,16.1,0.5,39.6,39.264,Lunch,Vegetarian,International,None,100 g
Wasabi Root,142,6.2,30.6,0.8,10.1,0.0,0.02,166.4,1.3,738.4,269.9,Lunch,Vegetarian,International,None,100 g
Water,0,0.0,0.0,0.0,0.0,0.0,0.024,23.7,0.0,0.0,23.7,Lunch,Vegetarian,International,None,100 g
Water Chestnut Canned,70,1.2,17.2,0.015,3.5,3.4,0.011,5.6,1.2,165.2,30.594,Lunch,Vegetarian,International,None,100 g
Water Chestnut Raw,120,1.7,29.7,0.1,3.7,6.0,0.097,13.6,0.034,724.2,53.84,Lunch,Vegetarian,International,None,100 g
Water Dannon,0,0.0,0.0,0.0,0.0,0.0,0.0,9.9,0.0,0.0,9.9,Lunch,Vegetarian,International,None,100 g
Watercress,4,0.8,0.4,0.006,0.2,0.099,0.038,0.069,0.063,20.4,1.59,Lunch,Vegetarian,International,None,100 g
Watermelon,86,1.7,21.6,0.4,1.1,17.7,0.043,0.016,0.1,31.5,25.025,Lunch,Vegetarian,International,None,100 g
Watermelon Seed Kernels Dried,602,30.6,16.5,51.2,0.0,0.0,0.1,58.3,7.9,699.8,164.5,Lunch,Vegetarian,International,None,100 g
Waxgourd Cooked,19,0.7,4.3,0.4,1.8,2.1,0.6,31.5,0.7,8.8,57.8,Lunch,Vegetarian,International,None,100 g
Waxgourd Raw,17,0.5,4.0,0.3,3.8,0.0,0.1,25.1,0.5,7.9,51.4,Lunch,Vegetarian,International,None,100 g
Weetabix Weetabix,2078,0.0,0.0,11.5,0.0,0.0,0.0,0.0,0.0,0.0,11.5,Lunch,Vegetarian,International,None,100 g
Weizenbier Erdinger,220,0.0,0.0,18.0,0.0,0.0,0.0,0.0,0.0,0.0,18.0,Lunch,Vegetarian,International,None,100 g
Wheat Bran,125,9.0,37.4,2.5,24.8,0.2,0.015,42.3,6.1,685.6,122.1,Lunch,Vegetarian,International,Gluten,100 g
Wheat Bran Bread,89,3.2,17.2,1.2,1.4,3.5,0.2,26.6,1.1,81.7,50.7,Breakfast,Vegetarian,International,Gluten,100 g
Wheat Bread,79,3.1,13.8,1.3,1.2,1.7,0.1,0.026,0.066,37.4,19.619,Breakfast,Vegetarian,International,Gluten,100 g
Wheat Bread Toasted,75,3.1,13.4,1.0,1.1,1.5,0.1,39.6,1.0,53.5,59.243,Breakfast,Vegetarian,International,Gluten,100 g
Wheat Durum,651,26.3,136.6,4.7,0.0,0.0,0.032,65.3,6.8,827.5,239.7,Lunch,Vegetarian,International,Gluten,100 g
Wheat Flour,455,12.9,95.4,1.2,3.4,0.3,0.061,18.8,5.8,133.8,137.5,Lunch,Vegetarian,International,Gluten,100 g
Wheat Germ,112,7.2,16.1,3.0,4.1,0.0,0.037,12.1,1.9,276.5,44.4,Lunch,Vegetarian,International,Gluten,100 g
Wheat Germ Bread,73,2.7,13.5,0.8,0.6,1.0,0.2,24.9,1.0,71.1,43.598,Breakfast,Vegetarian,International,Gluten,100 g
Wheat Germ Bread Toasted,73,2.7,13.6,0.8,0.6,1.0,0.2,25.0,1.0,71.3,43.706,Breakfast,Vegetarian,International,Gluten,100 g
Wheat Germ Oil,120,0.0,0.0,13.6,0.0,0.0,0.0,0.0,0.0,0.0,13.6,Lunch,Vegetarian,International,Gluten,100 g
Wheat Germ Toasted,115,8.7,14.9,3.2,4.5,2.3,0.06,13.5,2.7,284.1,49.3,Lunch,Vegetarian,International,Gluten,100 g
Wheat Puffed,44,1.8,9.6,0.1,0.5,0.0,0.03,3.4,3.8,41.8,19.2,Lunch,Vegetarian,International,Gluten,100 g
Wheat Shredded,155,5.2,36.2,1.0,5.5,0.4,0.086,23.0,1.4,173.0,76.9,Lunch,Vegetarian,International,Gluten,100 g
Wheat Sprouted,214,8.1,45.9,1.4,1.2,0.0,0.026,30.2,2.3,182.5,91.9,Lunch,Vegetarian,International,Gluten,100 g
Whelk Cooked,78,13.5,4.4,0.2,0.0,0.0,0.1,32.0,2.8,196.4,54.806,Lunch,Vegetarian,International,None,100 g
Whelk Raw,39,6.7,2.2,0.1,0.0,0.0,0.073,16.1,1.4,98.2,27.678,Lunch,Vegetarian,International,None,100 g
Whey Protein Powder Vanilla Eas,108,0.0,0.0,1.7,0.0,0.0,0.0,0.0,0.0,0.0,1.7,Lunch,Vegetarian,International,None,100 g
Whiskey,58,0.0,0.1,0.0,0.0,0.078,0.0,0.0,0.072,0.2,0.127,Lunch,Vegetarian,International,None,100 g
Whiskey Sour,158,0.0,13.9,0.0,0.0,0.0,0.067,1.1,0.047,5.3,16.717,Lunch,Vegetarian,International,None,100 g
Whiskey Sour Mix,26,0.051,6.3,0.072,0.0,6.3,0.073,0.6,0.047,8.3,7.914,Lunch,Vegetarian,International,None,100 g
White Beans Canned,299,19.0,55.5,0.8,12.6,0.8,0.079,191.3,7.8,1189.5,287.0,Lunch,Vegetarian,International,None,100 g
White Beans Cooked,249,17.4,44.9,0.6,11.3,0.6,0.045,0.029,0.5,202.3,74.959,Lunch,Vegetarian,International,None,100 g
White Beans Raw,673,47.2,121.7,1.7,30.7,4.3,0.051,484.8,21.1,3625.9,707.2,Lunch,Vegetarian,International,None,100 g
White Bread,77,2.6,14.3,1.0,0.8,1.6,0.1,0.081,0.04,28.4,18.931,Breakfast,Vegetarian,International,Gluten,100 g
White Bread Toasted,83,2.5,15.4,1.1,0.7,1.3,0.2,33.7,0.9,37.1,54.3,Breakfast,Vegetarian,International,Gluten,100 g
White Cake,264,4.0,42.3,9.2,0.6,26.3,0.2,96.2,1.1,70.3,153.59,Lunch,Vegetarian,International,None,100 g
White Cake With Coconut Frosting,399,4.9,70.8,11.5,1.1,64.3,0.3,100.8,1.3,110.9,190.574,Lunch,Vegetarian,International,None,100 g
White Chocolate,162,1.8,17.8,9.6,0.081,17.7,0.009,59.7,0.025,85.8,89.212,Lunch,Vegetarian,International,None,100 g
White Corn Cooked,100,3.4,22.4,1.5,2.8,8.0,0.082,0.017,0.052,94.8,30.302,Lunch,Vegetarian,International,None,100 g
White Corn Raw,143,5.3,31.6,2.0,4.5,5.3,0.088,0.081,0.5,147.7,43.973,Lunch,Vegetarian,International,None,100 g
White Fibre Wonder Bread,95,3.5,18.0,1.0,1.5,2.0,0.0,0.0,0.0,0.0,24.0,Breakfast,Vegetarian,International,Gluten,100 g
White Frosting Dry,768,4.8,196.4,0.0,0.0,0.0,0.5,8.3,0.2,242.2,209.7,Lunch,Vegetarian,International,None,100 g
White Grapefruit,78,1.6,19.8,0.2,2.6,17.3,0.0,28.3,0.1,349.3,131.2,Lunch,Vegetarian,International,None,100 g
White Grapefruit Juice,96,1.2,22.7,0.2,0.2,22.5,0.018,22.2,0.5,400.1,140.9,Lunch,Vegetarian,International,None,100 g
White Icicle Radish,14,1.1,2.6,0.1,1.4,0.0,0.049,27.0,0.8,280.0,62.0,Lunch,Vegetarian,International,None,100 g
White Lemonade,80,0.1,20.8,0.003,0.0,20.0,0.02,0.0,0.013,4.0,21.02,Lunch,Vegetarian,International,None,100 g
White Pepper,7,0.2,1.6,0.0,0.6,0.0,0.075,0.0,0.069,4.2,2.514,Lunch,Vegetarian,International,None,100 g
White Rice Cooked,205,4.3,44.5,0.4,0.6,0.015,0.077,15.8,1.9,55.3,67.5,Lunch,Vegetarian,International,None,100 g
White Rice Pasta Cooked,246,5.1,43.3,5.7,5.1,0.0,1.1,16.2,1.9,84.8,77.7,Lunch,Vegetarian,International,None,100 g
White Rice Pasta Raw,600,15.3,122.8,4.0,0.0,0.0,3.0,75.0,6.5,340.7,224.6,Lunch,Vegetarian,International,None,100 g
White Rice Raw,675,13.2,147.9,1.2,2.4,0.2,0.081,51.8,8.0,212.8,224.5,Lunch,Vegetarian,International,None,100 g
White Rice Steamed,199,4.2,44.7,0.4,1.2,0.0,0.009,6.6,0.5,26.4,57.6,Lunch,Vegetarian,International,None,100 g
White Sauce,368,9.6,22.9,26.6,0.5,11.0,0.9,295.0,0.8,390.0,357.7,Lunch,Vegetarian,International,None,100 g
White Sugar,19,0.0,5.0,0.0,0.0,4.9,0.012,0.046,0.078,0.1,5.037,Lunch,Vegetarian,International,None,100 g
White Wheat,657,21.7,145.7,3.3,23.4,0.8,0.094,61.4,8.8,829.4,264.3,Lunch,Vegetarian,International,Gluten,100 g
White Wine,121,0.1,3.8,0.0,0.0,1.4,0.098,13.2,0.4,104.4,17.5,Lunch,Vegetarian,International,None,100 g
Whitefish Cooked,265,37.7,0.0,11.6,0.0,0.0,0.1,50.8,0.7,625.2,100.864,Lunch,Vegetarian,International,None,100 g
Whitefish Raw,265,37.8,0.0,11.6,0.0,0.0,0.1,51.5,0.7,627.7,101.603,Lunch,Vegetarian,International,None,100 g
Whitefish Smoked,147,31.8,0.0,1.3,0.0,0.0,1.4,24.5,0.7,575.3,58.398,Lunch,Vegetarian,International,None,100 g
Whiting Cooked,84,16.9,0.0,1.2,0.0,0.0,0.018,44.6,0.3,312.5,63.037,Lunch,Vegetarian,International,None,100 g
Whiting Raw,83,16.8,0.0,1.2,0.0,0.0,0.016,44.2,0.3,229.1,62.592,Lunch,Vegetarian,International,None,100 g
Whole Grain Wheat Flour,408,15.9,86.4,3.0,12.8,0.5,0.027,40.8,4.3,435.6,163.2,Lunch,Vegetarian,International,Gluten,100 g
Whole Wheat Bread,128,3.9,23.6,2.5,2.8,1.8,0.2,15.2,1.4,144.4,49.4,Breakfast,Vegetarian,International,Gluten,100 g
Whole Wheat Bread Natures Own,50,0.0,0.0,1.0,0.0,0.0,0.0,0.0,0.0,0.0,1.0,Breakfast,Vegetarian,International,Gluten,100 g
Whole Wheat Bread Toasted,128,3.9,23.7,2.5,2.8,1.8,0.2,15.1,1.4,144.9,49.4,Breakfast,Vegetarian,International,Gluten,100 g
Whole Wheat Cooked,150,4.8,33.2,1.0,3.9,0.2,0.6,16.9,1.5,171.8,61.3,Lunch,Vegetarian,International,Gluten,100 g
Whole Wheat Dry,96,3.1,21.1,0.6,2.7,0.1,0.036,11.2,0.9,108.9,39.6,Lunch,Vegetarian,International,Gluten,100 g
Whole Wheat Macaroni Cooked,174,7.5,37.2,0.8,3.9,1.1,0.057,21.0,1.5,61.6,71.9,Lunch,Vegetarian,International,Gluten,100 g
Whole Wheat Macaroni Dry,365,15.4,78.8,1.5,8.7,0.0,0.028,42.0,3.8,225.8,150.2,Lunch,Vegetarian,International,Gluten,100 g
Whole Wheat Spaghetti Cooked,174,7.5,37.2,0.8,6.3,1.1,0.091,21.0,1.5,61.6,74.3,Lunch,Vegetarian,International,Gluten,100 g
Whole Wheat Spaghetti Dry,98,4.1,21.2,0.4,0.0,0.0,0.002,11.3,1.0,60.8,38.0,Lunch,Vegetarian,International,Gluten,100 g
Whopper Burger King,790,35.4,52.8,48.4,3.2,13.0,1.4,259.1,6.3,534.0,405.8,Lunch,Vegetarian,International,None,100 g
Wild Pink Salmon Oceans,320,0.0,0.0,16.0,0.0,0.0,0.0,0.0,0.0,0.0,16.0,Lunch,Vegetarian,International,None,100 g
Wild Plum,147,0.7,35.3,0.3,9.7,17.1,0.047,17.7,0.3,586.0,80.6,Lunch,Vegetarian,International,None,100 g
Wild Raspberries,81,1.5,18.0,0.4,9.8,7.2,0.09,46.8,0.8,227.5,111.6,Lunch,Vegetarian,International,None,100 g
Wild Rice Cooked,166,6.5,35.0,0.6,3.0,1.2,0.008,4.9,1.0,165.6,51.0,Lunch,Vegetarian,International,None,100 g
Wild Rice Raw,571,23.6,119.8,1.7,9.9,4.0,0.051,33.6,3.1,683.2,191.7,Lunch,Vegetarian,International,None,100 g
Wine Light,73,0.1,1.7,0.0,0.0,1.7,0.046,13.3,0.6,130.2,15.7,Lunch,Vegetarian,International,None,100 g
Winged Beans Cooked,253,18.3,25.7,10.0,0.0,0.0,0.4,244.2,7.4,481.6,305.6,Lunch,Vegetarian,International,None,100 g
Winged Beans Raw,744,54.0,75.9,29.7,47.1,0.0,0.09,800.8,24.5,1778.1,1032.0,Lunch,Vegetarian,International,None,100 g
Winter Squash Cooked,76,1.8,18.1,0.7,5.7,6.8,0.068,45.1,0.9,494.1,76.0,Lunch,Vegetarian,International,None,100 g
Winter Squash Raw,39,1.1,10.0,0.2,1.7,2.6,0.027,32.5,0.7,406.0,60.5,Lunch,Vegetarian,International,None,100 g
Witloof Chicory,9,0.5,2.1,0.031,1.6,0.0,0.022,10.1,0.1,111.8,15.994,Lunch,Vegetarian,International,None,100 g
Woca Seeds Dried,102,2.2,22.6,0.3,5.4,0.1,0.048,7.6,0.4,156.5,38.5,Lunch,Vegetarian,International,None,100 g
Wolffish Cooked,293,53.4,0.0,7.3,0.0,0.0,0.3,19.0,0.3,916.3,80.3,Lunch,Vegetarian,International,None,100 g
Wolffish Raw,294,53.6,0.0,7.3,0.0,0.0,0.3,18.4,0.3,918.0,79.9,Lunch,Vegetarian,International,None,100 g
Wonton Soup,71,4.6,11.7,0.6,0.4,0.8,0.9,11.2,0.5,71.4,30.692,Lunch,Vegetarian,International,None,100 g
Wonton Wrappers,93,3.1,18.5,0.5,0.6,0.0,0.2,15.0,1.1,26.2,38.815,Lunch,Vegetarian,International,None,100 g
Worcestershire Sauce,13,0.0,3.3,0.0,0.0,1.7,0.2,18.2,0.9,136.0,24.673,Lunch,Vegetarian,International,None,100 g
Yachtwurst Cooked,150,8.3,0.8,12.7,0.0,0.0,0.5,10.6,0.6,0.0,33.0,Lunch,Vegetarian,International,None,100 g
Yam Bean Jicama,49,0.9,11.5,0.1,6.4,2.3,0.047,15.6,0.8,195.0,61.6,Lunch,Vegetarian,International,None,100 g
Yam Cooked,158,2.0,37.4,0.2,5.3,0.7,0.017,0.083,0.2,66.6,45.477,Lunch,Vegetarian,International,None,100 g
Yam Raw,177,2.3,41.8,0.3,6.2,0.8,0.017,0.025,0.3,82.5,51.39,Lunch,Vegetarian,International,None,100 g
Yardlong Beans Cooked,202,14.2,36.1,0.8,6.5,0.0,0.059,0.0,0.4,309.5,58.2,Lunch,Vegetarian,International,None,100 g
Yardlong Beans Raw,579,40.6,103.4,2.2,18.4,0.0,0.057,230.5,14.4,1932.2,412.2,Lunch,Vegetarian,International,None,100 g
Yautia Tannier,132,2.0,31.9,0.5,2.0,0.0,0.031,12.2,1.3,807.3,56.9,Lunch,Vegetarian,International,None,100 g
Yellow Beans Cooked,255,16.2,44.7,1.9,18.4,0.0,0.086,0.0,0.3,323.9,81.7,Lunch,Vegetarian,International,None,100 g
Yellow Beans Raw,676,43.1,119.0,5.1,49.2,0.0,0.046,325.4,13.7,2042.3,555.5,Lunch,Vegetarian,International,None,100 g
Yellow Cake,245,3.6,36.0,9.9,0.5,0.0,0.2,99.3,1.1,61.9,150.51,Lunch,Vegetarian,International,None,100 g
Yellow Cake With Chocolate Frosting,546,4.6,79.7,25.6,2.2,56.5,0.4,46.1,2.9,269.3,161.1,Lunch,Vegetarian,International,None,100 g
Yellow Cake With Vanilla Frosting,239,2.2,37.6,9.3,0.2,0.0,0.2,39.7,0.7,33.9,89.788,Lunch,Vegetarian,International,None,100 g
Yellow Corn Raw,606,15.6,123.3,7.9,12.1,1.1,0.06,11.6,4.5,476.4,175.0,Lunch,Vegetarian,International,None,100 g
Yellow Plantain Fried,399,2.4,68.9,12.7,5.4,36.8,0.079,10.1,1.0,856.8,100.5,Lunch,Vegetarian,International,None,100 g
Yellow Snap Beans Canned,36,1.9,8.4,0.2,3.6,0.0,0.6,57.6,2.2,235.2,82.1,Lunch,Vegetarian,International,None,100 g
Yellow Snap Beans Cooked,44,2.4,9.9,0.4,4.1,4.5,0.096,0.025,0.1,48.8,17.003,Lunch,Vegetarian,International,None,100 g
Yellow Snap Beans Raw,31,1.8,7.1,0.1,3.4,0.0,0.085,37.0,1.0,209.0,66.7,Lunch,Vegetarian,International,None,100 g
Yellow Tomato,32,2.1,6.3,0.6,1.5,0.0,0.088,0.0,0.2,76.3,10.8,Lunch,Vegetarian,International,None,100 g
Yellowfin Tuna Cooked,37,8.2,0.0,0.2,0.0,0.0,0.011,1.1,0.3,149.1,9.861,Lunch,Vegetarian,International,None,100 g
Yellowfin Tuna Raw,31,6.9,0.0,0.1,0.0,0.0,0.049,1.1,0.2,124.8,8.322,Lunch,Vegetarian,International,None,100 g
Yellowtail Cooked,546,86.6,0.0,19.6,0.0,0.0,0.1,84.7,1.8,1571.0,201.282,Lunch,Vegetarian,International,None,100 g
Yellowtail Raw,546,86.5,0.0,19.6,0.0,0.0,0.1,86.0,1.8,1570.8,204.5,Lunch,Vegetarian,International,None,100 g
Yogurt,92,5.2,7.0,4.9,0.0,7.0,0.005,181.5,0.001,232.5,199.51,Breakfast,Vegetarian,International,Milk,100 g
Yogurt Low Fat,154,12.9,17.2,3.8,0.0,17.2,0.2,448.4,0.2,573.3,484.517,Breakfast,Vegetarian,International,Milk,100 g
Yogurt Parfait,125,5.0,23.6,1.5,1.6,17.4,0.048,156.5,0.7,281.6,210.272,Breakfast,Vegetarian,International,Milk,100 g
Yokan,36,0.5,8.5,0.022,0.0,0.0,0.05,0.0,0.048,5.6,9.059,Lunch,Vegetarian,International,None,100 g
Yoplait Light Strawberry Yogurt Yoplait,79,0.0,0.074,0.0,0.0,0.0,0.0,0.0,0.0,0.0,0.061,Breakfast,Vegetarian,International,Milk,100 g
Yuca Cassava Chips,9,0.054,1.2,0.4,0.002,0.006,0.041,0.9,0.099,14.8,2.621,Lunch,Vegetarian,International,None,100 g
Zante Currants Dried,408,5.9,106.7,0.4,9.8,96.9,0.067,123.8,4.7,1284.5,258.1,Lunch,Vegetarian,International,None,100 g
Zaziki Milfina,51,0.0,0.0,4.4,0.0,0.0,0.0,0.0,0.0,0.0,4.4,Lunch,Vegetarian,International,None,100 g
Zinfandel Red Wine,129,0.1,4.2,0.0,0.0,0.0,0.0,0.0,0.0,0.0,4.3,Lunch,Vegetarian,International,None,100 g
Zucchini Cooked,27,2.1,4.8,0.6,1.8,3.1,0.077,32.4,0.7,475.2,65.6,Lunch,Vegetarian,International,None,100 g
Zucchini Raw,44,3.1,8.1,0.8,2.6,6.5,0.023,0.033,0.1,98.8,15.151,Lunch,Vegetarian,International,None,100 g
Zwieback,30,0.7,5.2,0.7,0.2,0.9,0.05,0.041,0.083,3.9,7.083,Lunch,Vegetarian,International,None,100 g
